9.580,22.481,-2.139
-22.046,8.772,-4.020
-22.053,8.922,-4.053
-34.734,3.894,16.688
-21.932,4.193,-6.671
0.534,20.861,-5.048
9.635,19.291,-2.320
0.665,15.099,-9.033
9.759,13.673,-6.337
37.141,10.305,1.591
-21.865,1.813,-8.554
0.936,7.050,-17.607
10.036,5.479,-14.880
0.906,6.921,-17.218
-34.508,-7.185,7.819
0.933,7.099,-17.618
0.607,19.113,-7.430
9.708,17.534,-4.700
-34.638,0.281,13.473
-22.087,10.026,-1.539
-17.881,14.778,-5.224
0.450,24.992,-2.308
9.551,23.413,0.422
-34.806,6.697,19.279
37.018,11.355,1.026
-22.498,24.048,10.974
36.885,23.462,12.785
-21.865,1.814,-8.554
0.942,6.913,-17.577
10.043,5.334,-14.848
-34.686,2.257,15.444
-21.932,4.182,-6.669
0.357,26.736,1.237
-22.467,21.997,10.182
36.918,21.363,12.003
-17.766,1.582,-11.296
-17.770,1.674,-11.316
-17.777,2.072,-11.416
37.282,-0.844,-4.525
-17.825,3.802,-9.378
-17.830,3.894,-9.398
-17.836,4.292,-9.498
37.222,1.376,-2.608
-17.766,1.582,-11.296
-17.770,1.674,-11.316
-17.777,2.072,-11.416
37.282,-0.844,-4.525
-17.785,2.322,-10.657
-17.790,2.414,-10.677
-17.796,2.812,-10.777
37.262,-0.104,-3.886
-17.757,2.165,-11.784
-17.762,2.257,-11.804
37.220,0.158,-5.118
0.883,1.868,-13.217
-17.707,-0.931,-9.390
-21.929,-3.680,-4.100
-30.353,-9.223,6.472
-30.355,-9.175,6.462
37.165,-3.477,-2.531
0.908,3.626,-14.685
-17.693,1.030,-10.902
-21.904,-1.942,-5.563
-30.328,-7.484,5.009
37.180,-1.516,-4.043
-21.863,1.723,-8.532
0.962,7.011,-17.592
-30.314,-3.968,2.109
-17.674,2.892,-12.393
-21.877,-0.245,-7.018
37.199,0.347,-5.534
-17.671,2.834,-12.380
-21.872,-0.366,-6.991
37.201,0.288,-5.521
-22.165,11.814,0.837
-30.611,6.040,11.495
-18.197,18.619,4.836
-22.390,15.248,10.262
-30.831,10.075,20.753
-30.820,9.832,20.806
36.673,16.115,11.686
-17.729,5.006,-10.452
-21.931,1.852,-5.073
37.144,2.460,-3.593
-17.727,4.983,-10.447
-21.928,1.791,-5.060
37.145,2.437,-3.588
-17.754,3.274,-8.990
-21.960,0.189,-3.626
-30.388,-5.263,6.926
37.119,0.729,-2.131
-17.690,6.450,-13.809
-22.111,9.287,-1.808
-34.701,0.181,14.213
-22.038,4.956,-3.343
-34.628,-4.150,12.679
37.258,5.167,-1.730
-22.099,10.271,-1.593
37.185,10.570,0.010
9.941,6.948,-12.075
37.326,3.519,-4.134
9.478,26.239,1.044
-22.313,18.323,5.457
36.971,18.622,7.059
9.739,16.251,-6.021
0.518,24.189,-2.921
9.574,22.615,-0.204
-22.291,17.226,4.095
0.351,29.200,1.951
9.407,27.627,4.668
0.469,24.265,-2.949
37.023,19.055,7.781
-21.931,4.171,-6.667
0.466,23.255,-3.168
9.567,21.684,-0.440
0.455,23.816,-2.490
9.556,22.246,0.237
0.359,26.696,1.246
-22.460,21.838,10.217
36.911,21.522,11.969
0.450,24.767,-0.723
9.500,23.298,1.971
0.926,7.250,-17.651
10.027,5.679,-14.923
-21.877,2.055,-8.607
0.495,23.403,-3.562
9.596,21.823,-0.832
-22.442,22.226,9.771
36.921,22.060,11.490
-22.076,9.471,-2.219
0.688,16.126,-9.980
9.789,14.555,-7.253
-34.677,1.742,14.756
36.991,12.246,1.633
-22.355,19.531,5.994
0.364,28.102,0.216
9.465,26.523,2.946
0.592,18.674,-6.972
9.690,17.170,-4.259
0.320,28.911,2.002
9.416,27.433,4.710
37.203,3.406,-6.849
-22.387,20.098,7.833
36.982,19.813,9.578
-22.415,20.827,8.483
-35.010,11.840,24.479
-21.929,4.133,-6.658
0.870,9.388,-15.716
9.971,7.808,-12.986
36.837,18.065,6.768
-22.272,15.566,4.027
-34.868,6.579,20.023
-17.766,1.582,-11.296
-17.770,1.674,-11.316
-17.777,2.072,-11.416
37.282,-0.844,-4.525
-17.777,2.905,-11.145
-17.782,2.997,-11.165
37.201,0.898,-4.479
-17.733,2.262,-11.837
-17.753,2.079,-11.766
-17.768,2.654,-11.904
37.290,-0.261,-5.014
-17.757,2.165,-11.784
-17.762,2.257,-11.804
37.220,0.158,-5.118
0.883,1.888,-13.222
-17.724,-0.583,-9.466
-21.930,-3.660,-4.104
-30.353,-9.219,6.472
-30.351,-9.269,6.482
37.149,-3.129,-2.607
0.927,5.480,-16.174
-21.886,-0.069,-7.056
-30.316,-5.485,3.488
0.961,7.035,-17.598
-30.282,-3.922,2.062
-17.964,10.164,-2.126
-22.185,7.395,3.169
-30.621,2.116,13.683
-30.612,1.914,13.727
36.900,7.798,4.694
-18.091,16.601,1.351
-17.735,5.139,-10.481
-21.931,1.851,-5.073
37.138,2.594,-3.622
-21.919,3.868,-6.598
0.901,9.262,-15.682
-30.375,-1.716,4.019
-17.911,10.347,-5.652
-22.119,7.305,-0.298
-30.507,1.003,10.440
0.601,13.821,-5.340
-18.005,11.357,-1.586
-30.628,2.589,14.381
-30.636,2.760,14.343
36.867,8.812,5.273
0.841,8.902,-12.918
-21.972,3.354,-3.800
-30.402,-2.063,6.744
0.938,5.239,-16.122
-21.874,-0.309,-7.004
-30.304,-5.725,3.540
0.953,5.676,-16.578
-21.860,0.135,-7.462
37.220,0.656,-5.963
-17.668,2.775,-12.367
-21.875,-0.302,-7.005
37.204,0.230,-5.508
-30.440,1.661,6.449
0.664,16.706,-8.939
-30.568,5.524,10.771
0.622,13.069,-5.976
-17.983,10.557,-2.212
-22.190,7.501,3.146
-30.619,2.068,13.694
36.895,7.910,4.669
0.672,14.719,-8.583
-22.141,9.171,0.535
-30.571,3.754,11.079
0.450,21.090,-1.244
-18.175,18.552,2.550
-30.791,10.092,18.425
36.725,15.883,9.412
0.937,7.537,-17.707
-30.339,-3.442,1.994
-18.007,15.063,-2.239
-30.649,6.689,13.641
36.865,12.517,4.620
-22.012,6.030,-4.306
-30.466,0.409,6.319
-22.173,13.070,1.002
0.465,20.775,-1.175
-18.135,18.163,2.611
-30.769,9.629,18.526
36.738,15.622,9.469
0.486,20.765,-2.335
-22.304,14.731,6.889
-30.757,9.806,17.326
36.773,15.313,8.375
-18.140,20.110,2.264
-22.356,17.226,7.584
36.732,17.565,9.123
-21.901,2.838,-7.974
0.823,10.786,-14.052
-30.450,-0.244,5.660
0.610,17.298,-5.943
-22.203,11.750,3.175
-30.632,6.334,13.719
-17.772,-2.688,-7.555
-21.968,-5.854,-2.181
-21.974,-5.756,-2.201
-21.960,-6.014,-2.146
-21.961,-5.998,-2.149
37.297,-5.201,-0.658
37.190,-5.534,-0.618
37.201,-5.776,-0.565
-17.787,-3.147,-7.094
-21.979,-6.370,-1.707
-21.988,-6.222,-1.738
-21.970,-6.558,-1.666
-21.967,-6.637,-1.648
-21.975,-6.585,-1.654
37.182,-6.113,-0.130
37.182,-6.116,-0.129
37.229,-5.660,-0.211
-21.966,-6.616,-1.655
-21.979,-6.372,-1.706
-21.976,-6.433,-1.693
-21.965,-6.681,-1.639
-21.966,-6.645,-1.647
37.287,-5.754,-0.176
37.183,-6.134,-0.125
37.195,-6.391,-0.069
-17.841,-7.272,-3.664
-22.036,-10.469,1.718
-22.042,-10.350,1.693
-22.026,-10.661,1.760
-22.026,-10.662,1.760
-22.025,-10.686,1.765
-22.020,-10.790,1.788
-22.030,-10.585,1.743
37.125,-10.212,3.295
37.131,-10.337,3.322
37.123,-10.155,3.282
37.137,-10.465,3.350
-17.799,-4.384,-6.101
-21.993,-7.598,-0.716
-22.002,-7.438,-0.749
-21.993,-7.585,-0.719
-21.981,-7.838,-0.663
-21.983,-7.810,-0.670
37.270,-6.902,0.797
37.165,-7.272,0.846
37.174,-7.449,0.885
37.168,-7.348,0.862
-21.996,-7.484,-0.743
-22.003,-7.378,-0.764
-21.996,-7.537,-0.729
-21.986,-7.746,-0.684
-21.983,-7.810,-0.670
-21.989,-7.672,-0.700
37.162,-7.209,0.832
37.162,-7.212,0.833
37.175,-7.485,0.892
-17.804,-4.280,-6.124
-21.998,-7.494,-0.739
-22.007,-7.324,-0.774
-21.998,-7.484,-0.741
-21.982,-7.830,-0.665
-21.980,-7.866,-0.657
37.265,-6.797,0.775
37.160,-7.169,0.824
37.174,-7.449,0.885
37.168,-7.348,0.862
-22.351,1.352,11.946
-22.357,1.457,11.926
-22.361,1.505,11.916
-22.353,1.359,11.947
-22.354,1.379,11.943
-22.340,1.094,12.005
-22.341,1.116,12.000
36.909,2.066,13.458
36.804,1.695,13.507
36.817,1.434,13.564
36.816,1.477,13.554
36.809,1.579,13.532
-22.308,4.222,9.513
-22.315,4.328,9.492
-22.301,4.047,9.553
-22.302,4.065,9.549
-22.299,3.990,9.566
-22.307,4.166,9.527
36.850,4.498,11.088
36.856,4.372,11.115
36.859,4.315,11.128
-17.832,-0.468,-5.638
-22.028,-3.634,-0.263
-22.034,-3.536,-0.283
-22.020,-3.795,-0.228
-22.021,-3.779,-0.232
37.237,-2.980,1.259
37.130,-3.314,1.300
37.142,-3.557,1.353
-17.842,-1.006,-5.159
-22.035,-4.237,0.230
-22.040,-4.150,0.212
-22.026,-4.423,0.270
-22.024,-4.476,0.282
-22.030,-4.457,0.284
37.126,-3.980,1.807
37.126,-3.981,1.807
37.210,-3.534,1.737
-22.026,-4.396,0.263
-22.039,-4.152,0.211
-22.036,-4.213,0.225
-22.024,-4.461,0.279
-18.101,16.814,1.304
-30.737,8.317,17.211
36.782,14.056,8.210
0.404,24.542,-0.318
-22.409,18.994,8.800
-30.839,13.577,19.344
0.876,7.513,-14.216
-21.937,1.965,-5.098
-30.366,-3.452,5.446
0.883,8.132,-14.712
-21.930,2.591,-5.596
37.151,3.074,-4.089
-17.739,5.227,-10.501
-21.935,1.941,-5.093
37.134,2.682,-3.642
-21.911,3.695,-6.560
0.792,12.832,-13.258
-30.472,1.617,6.494
-18.033,11.505,-0.456
-22.243,8.504,4.890
-30.651,2.638,15.532
-30.669,3.022,15.448
36.840,8.959,6.403
0.382,22.744,1.159
-22.431,17.184,10.279
-30.879,11.455,20.927
-30.860,11.751,20.827
36.654,17.594,11.802
-17.735,2.559,-9.635
-21.940,-0.548,-4.266
-30.368,-5.992,6.284
37.137,0.014,-2.776
0.937,5.266,-16.127
-21.876,-0.282,-7.010
-30.305,-5.699,3.535
0.948,7.294,-17.654
-30.295,-3.663,2.006
-21.852,1.492,-8.481
0.960,7.041,-17.599
-30.283,-3.915,2.061
-17.852,3.289,-5.146
-17.858,3.413,-5.173
-22.072,0.499,0.154
-30.499,-4.969,10.709
-30.478,-5.424,10.808
37.014,0.878,1.684
0.566,20.374,-5.736
-30.674,9.369,13.935
0.518,18.694,-3.123
-18.090,16.248,0.627
-30.714,7.519,16.585
36.792,13.518,7.527
0.596,13.939,-5.365
-18.004,11.339,-1.582
-22.216,8.373,3.756
-30.644,2.921,14.308
36.862,8.931,5.247
0.554,15.475,-4.099
-18.065,12.800,-0.276
-22.258,9.909,5.022
-30.687,4.465,15.573
36.827,10.296,6.551
0.663,17.803,-8.739
-30.612,6.825,10.962
-17.984,12.424,-2.541
-22.197,9.486,2.790
-30.626,4.055,13.338
36.888,9.879,4.318
-18.182,15.388,5.024
-18.204,15.390,5.047
-22.400,12.550,10.334
-30.830,7.136,20.878
-30.814,6.807,20.949
36.694,12.762,11.901
0.424,21.212,-0.108
-18.166,18.386,3.725
-22.388,15.645,9.014
-30.802,9.894,19.631
36.707,15.840,10.584
-18.102,13.497,2.673
-18.114,13.747,2.619
-22.322,10.709,7.973
-30.746,5.168,18.544
36.770,10.951,9.533
36.758,11.202,9.478
-18.167,21.311,3.603
-22.377,18.325,8.946
36.706,18.766,10.462
-21.995,2.754,-4.108
-30.446,-2.907,6.525
-30.418,-2.796,6.465
0.536,19.830,-4.094
-22.277,14.282,5.024
-30.707,8.866,15.568
0.497,21.297,-2.813
-22.316,15.749,6.305
-30.746,10.333,16.849
0.416,19.874,0.907
-18.184,17.262,4.693
-22.397,14.314,10.027
-30.823,8.824,20.587
36.688,14.722,11.551
36.689,14.705,11.554
-18.213,21.844,4.649
-22.423,18.863,9.990
-30.835,13.063,20.618
0.886,8.502,-15.955
-30.354,-2.528,3.721
0.614,19.474,-7.502
-30.661,8.495,12.199
-18.339,18.671,10.996
-18.354,19.002,10.924
-22.563,15.971,16.276
-30.983,10.359,26.863
-30.989,10.475,26.838
-30.968,10.036,26.934
36.530,16.216,17.836
36.539,16.031,17.876
-17.847,7.248,-8.155
-22.026,4.069,-2.794
-30.440,-1.691,7.825
0.615,14.282,-5.802
-17.980,11.582,-1.996
-22.196,8.715,3.320
-30.618,3.118,13.904
36.892,9.036,4.863
-30.704,12.461,14.939
-22.035,5.317,-2.627
-30.495,-0.190,7.974
37.168,5.619,-1.050
-22.126,9.611,0.078
27.898,11.025,-1.000
-17.783,-3.226,-7.077
-21.975,-6.457,-1.688
-21.981,-6.370,-1.705
-21.966,-6.643,-1.647
-21.964,-6.696,-1.636
-21.971,-6.676,-1.634
37.186,-6.200,-0.111
37.186,-6.201,-0.111
37.270,-5.753,-0.181
-21.991,-7.594,-0.718
-21.998,-7.491,-0.739
-21.990,-7.654,-0.704
-21.985,-7.762,-0.680
-21.980,-7.861,-0.659
-21.989,-7.672,-0.700
37.167,-7.314,0.855
37.168,-7.330,0.859
37.177,-7.536,0.904
-17.846,-7.173,-3.685
-22.036,-10.450,1.714
-22.043,-10.329,1.689
-22.031,-10.556,1.737
-22.029,-10.596,1.746
-22.027,-10.659,1.759
-22.022,-10.761,1.782
-22.030,-10.585,1.743
37.124,-10.193,3.291
37.126,-10.231,3.299
37.119,-10.077,3.265
37.136,-10.437,3.344
-17.776,-2.624,-7.569
-21.968,-5.849,-2.182
-21.975,-5.736,-2.205
-21.960,-6.014,-2.146
-21.961,-5.998,-2.149
37.294,-5.152,-0.669
37.190,-5.534,-0.618
37.201,-5.776,-0.565
-17.785,-3.172,-7.088
-21.978,-6.393,-1.702
-21.986,-6.261,-1.729
-21.968,-6.603,-1.656
-21.963,-6.709,-1.633
-22.032,-4.288,0.241
37.126,-3.975,1.805
37.130,-4.037,1.819
37.124,-3.963,1.803
-22.051,-5.375,1.199
-22.057,-5.271,1.178
-22.050,-5.435,1.214
-22.045,-5.542,1.237
-22.040,-5.641,1.259
-22.049,-5.453,1.218
37.107,-5.094,2.773
37.108,-5.110,2.776
37.118,-5.316,2.821
-17.906,-4.953,-1.768
-22.094,-8.280,3.642
-22.102,-8.134,3.612
-22.089,-8.374,3.663
-22.088,-8.399,3.668
-22.085,-8.467,3.683
-22.080,-8.570,3.705
-22.090,-8.365,3.661
37.067,-8.023,5.219
37.068,-8.049,5.225
37.060,-7.868,5.185
37.078,-8.245,5.267
-17.835,-0.404,-5.652
-22.028,-3.629,-0.264
-22.035,-3.517,-0.288
-22.020,-3.795,-0.228
-22.021,-3.779,-0.232
37.235,-2.933,1.249
37.130,-3.314,1.300
37.142,-3.557,1.353
-17.845,-0.952,-5.171
-22.038,-4.173,0.216
-22.045,-4.041,0.188
-22.028,-4.383,0.262
-22.023,-4.489,0.285
-22.032,-4.288,0.241
37.123,-3.916,1.793
37.131,-4.058,1.824
37.124,-3.963,1.803
-22.055,-5.278,1.178
-22.062,-5.172,1.157
-22.055,-5.331,1.191
-22.040,-5.641,1.259
-22.039,-5.654,1.262
-22.049,-5.453,1.218
37.103,-5.002,2.752
37.103,-5.006,2.753
37.118,-5.329,2.824
-17.865,-2.038,-4.211
-22.059,-5.246,1.173
-22.069,-5.063,1.134
-22.059,-5.236,1.171
-22.046,-5.517,1.232
-22.049,-5.453,1.218
37.204,-4.550,2.686
37.099,-4.920,2.735
37.113,-5.202,2.796
37.108,-5.128,2.780
-22.032,-4.268,0.235
-22.040,-4.161,0.215
-22.035,-4.235,0.229
-22.026,-4.417,0.269
-22.025,-4.453,0.277
37.228,-3.553,1.746
37.124,-3.937,1.797
37.132,-4.100,1.833
-18.159,4.567,6.563
-22.353,1.370,11.945
-22.360,1.489,11.920
-22.344,1.177,11.987
-22.344,1.176,11.987
-22.343,1.152,11.992
-22.338,1.049,12.015
-22.348,1.254,11.970
36.808,1.627,13.521
36.814,1.502,13.549
36.805,1.683,13.509
36.820,1.373,13.577
-18.117,7.455,4.126
-22.310,4.241,9.511
-22.319,4.401,9.477
-22.311,4.253,9.508
-22.299,4.001,9.563
-22.300,4.029,9.557
36.952,4.937,11.024
36.847,4.566,11.073
36.856,4.389,11.112
36.850,4.491,11.089
-21.978,-6.355,-1.712
-21.984,-6.281,-1.726
-21.976,-6.441,-1.691
-21.980,-6.354,-1.710
-21.965,-6.673,-1.641
-22.000,-6.720,-1.590
37.178,-6.043,-0.145
37.187,-6.234,-0.104
-17.783,-3.217,-7.078
-21.975,-6.452,-1.689
-21.980,-6.376,-1.704
-21.969,-6.581,-1.661
-21.963,-6.716,-1.631
-21.973,-6.507,-1.677
37.185,-6.195,-0.112
37.189,-6.256,-0.098
37.184,-6.182,-0.115
-21.991,-7.594,-0.718
-21.998,-7.491,-0.739
-21.990,-7.654,-0.704
-21.985,-7.762,-0.680
-21.980,-7.861,-0.659
-21.989,-7.672,-0.700
37.167,-7.314,0.855
37.168,-7.330,0.859
37.177,-7.536,0.904
-17.844,-7.215,-3.676
-22.038,-10.420,1.707
-22.044,-10.322,1.687
-22.030,-10.583,1.743
-22.029,-10.613,1.749
-22.027,-10.659,1.759
-22.022,-10.761,1.782
-22.030,-10.585,1.743
37.123,-10.163,3.284
37.128,-10.258,3.305
37.120,-10.104,3.271
37.136,-10.437,3.344
-17.841,-7.272,-3.664
-22.036,-10.469,1.718
-22.042,-10.350,1.693
-22.026,-10.661,1.760
-22.026,-10.662,1.760
-22.025,-10.686,1.765
-22.020,-10.790,1.788
-22.030,-10.585,1.743
37.125,-10.212,3.295
37.131,-10.337,3.322
37.123,-10.155,3.282
37.137,-10.465,3.350
-17.778,-2.578,-7.579
-21.968,-5.854,-2.181
-21.974,-5.756,-2.201
-21.960,-6.014,-2.146
-21.961,-5.998,-2.149
37.294,-5.151,-0.669
37.190,-5.534,-0.618
37.201,-5.776,-0.565
-17.799,-4.384,-6.101
-21.993,-7.598,-0.716
-22.002,-7.438,-0.749
-21.993,-7.585,-0.719
-21.981,-7.838,-0.663
-21.983,-7.810,-0.670
37.270,-6.902,0.797
37.165,-7.272,0.846
37.174,-7.449,0.885
37.168,-7.348,0.862
-22.308,4.222,9.513
-22.315,4.328,9.492
-22.301,4.047,9.553
-22.302,4.065,9.549
-22.299,3.990,9.566
-22.307,4.166,9.527
36.850,4.498,11.088
36.856,4.372,11.115
36.859,4.315,11.128
-17.787,-3.147,-7.094
-21.979,-6.370,-1.707
-21.988,-6.222,-1.738
-21.970,-6.558,-1.666
-21.967,-6.637,-1.648
-21.975,-6.585,-1.654
-21.969,-6.581,-1.661
37.284,-5.696,-0.188
37.180,-6.073,-0.139
37.194,-6.384,-0.071
-17.805,-4.268,-6.126
-21.998,-7.479,-0.742
-22.008,-7.302,-0.779
-21.999,-7.469,-0.744
-21.982,-7.830,-0.665
-21.989,-7.672,-0.700
37.264,-6.783,0.771
37.159,-7.154,0.820
37.178,-7.536,0.904
37.168,-7.348,0.862
-21.972,-6.488,-1.683
-21.980,-6.381,-1.703
-21.975,-6.455,-1.688
-21.967,-6.637,-1.648
-21.965,-6.673,-1.641
37.288,-5.773,-0.172
37.184,-6.157,-0.120
37.191,-6.320,-0.085
-17.846,-0.927,-5.176
-22.039,-4.150,0.211
-22.047,-4.002,0.180
-22.030,-4.339,0.252
-22.026,-4.417,0.269
-22.034,-4.365,0.264
37.122,-3.893,1.788
37.122,-3.897,1.788
37.169,-3.440,1.707
-22.095,-8.216,3.626
-22.102,-8.114,3.606
-22.104,-8.079,3.600
-22.097,-8.209,3.627
-22.098,-8.189,3.622
-22.081,-8.545,3.700
-22.083,-8.503,3.691
37.165,-7.503,5.138
37.060,-7.876,5.187
37.073,-8.136,5.244
37.072,-8.114,5.239
37.067,-8.040,5.222
-22.050,-5.397,1.204
-22.056,-5.290,1.182
-22.043,-5.572,1.244
-22.044,-5.554,1.240
-22.040,-5.629,1.256
-22.049,-5.453,1.218
37.109,-5.121,2.778
37.115,-5.247,2.806
37.117,-5.304,2.818
-17.864,-2.060,-4.206
-22.057,-5.274,1.179
-22.067,-5.104,1.143
-22.058,-5.264,1.177
-22.041,-5.610,1.252
-22.040,-5.646,1.260
37.205,-4.578,2.692
37.100,-4.950,2.741
37.115,-5.230,2.802
37.108,-5.128,2.780
-21.963,-5.915,-2.169
-21.972,-5.772,-2.199
-21.969,-5.836,-2.185
-21.956,-6.101,-2.127
-21.965,-5.925,-2.165
37.193,-5.597,-0.604
37.198,-5.690,-0.583
37.192,-5.600,-0.604
-21.972,-6.487,-1.683
-21.979,-6.379,-1.705
-21.972,-6.526,-1.673
-21.976,-6.439,-1.692
-21.967,-6.637,-1.648
-22.002,-6.687,-1.597
37.183,-6.141,-0.124
37.191,-6.318,-0.085
-17.785,-3.172,-7.088
-21.978,-6.393,-1.702
-21.986,-6.261,-1.729
-21.968,-6.603,-1.656
-21.963,-6.709,-1.633
-21.973,-6.507,-1.677
37.183,-6.136,-0.125
37.190,-6.278,-0.094
37.184,-6.182,-0.115
-21.996,-7.498,-0.740
-22.002,-7.392,-0.761
-21.995,-7.550,-0.726
-21.980,-7.861,-0.659
-21.980,-7.874,-0.656
-21.989,-7.672,-0.700
37.163,-7.222,0.835
37.163,-7.226,0.836
37.178,-7.549,0.906
-17.805,-4.257,-6.129
-21.999,-7.466,-0.745
-22.009,-7.283,-0.783
-21.999,-7.456,-0.747
-21.986,-7.736,-0.686
-21.989,-7.672,-0.700
37.264,-6.769,0.769
37.159,-7.140,0.817
37.173,-7.421,0.879
37.168,-7.348,0.862
-21.995,-7.512,-0.736
-22.002,-7.407,-0.757
-21.992,-7.613,-0.713
-21.984,-7.774,-0.677
-21.981,-7.849,-0.661
-21.989,-7.672,-0.700
37.163,-7.237,0.838
37.166,-7.288,0.849
37.177,-7.524,0.901
-17.782,-3.236,-7.074
-21.975,-6.470,-1.685
-21.974,-6.482,-1.682
-21.968,-6.609,-1.655
-21.966,-6.645,-1.647
-21.973,-6.507,-1.677
37.186,-6.212,-0.108
37.191,-6.284,-0.092
37.184,-6.182,-0.115
-22.351,1.352,11.946
-22.357,1.457,11.926
-22.361,1.505,11.916
-22.353,1.359,11.947
-22.354,1.379,11.943
-22.340,1.094,12.005
-22.341,1.116,12.000
36.909,2.066,13.458
36.804,1.695,13.507
36.817,1.434,13.564
36.816,1.477,13.554
36.809,1.579,13.532
-21.972,-6.487,-1.683
-21.979,-6.379,-1.705
-21.972,-6.526,-1.673
-21.976,-6.439,-1.692
-21.967,-6.637,-1.648
-22.002,-6.687,-1.597
37.183,-6.141,-0.124
37.191,-6.318,-0.085
-17.801,-4.355,-6.107
-21.994,-7.571,-0.722
-22.001,-7.444,-0.748
-21.995,-7.559,-0.724
-21.981,-7.852,-0.660
-21.983,-7.810,-0.670
37.269,-6.880,0.793
37.164,-7.253,0.842
37.174,-7.437,0.882
37.168,-7.348,0.862
-22.035,-10.436,1.709
-22.042,-10.334,1.688
-22.045,-10.299,1.682
-22.037,-10.429,1.709
-22.038,-10.409,1.705
-22.021,-10.765,1.783
-22.024,-10.722,1.773
37.225,-9.723,3.220
37.120,-10.096,3.269
37.132,-10.356,3.326
37.132,-10.334,3.322
37.127,-10.260,3.305
-21.966,-5.867,-2.180
-21.972,-5.772,-2.199
-21.969,-5.836,-2.185
-21.956,-6.101,-2.127
-21.965,-5.925,-2.165
37.193,-5.592,-0.605
37.198,-5.690,-0.583
37.192,-5.600,-0.604
-21.996,-7.498,-0.740
37.178,-6.043,-0.145
37.187,-6.234,-0.104
-17.783,-3.217,-7.078
-21.975,-6.452,-1.689
-21.980,-6.376,-1.704
-21.969,-6.581,-1.661
-21.963,-6.716,-1.631
-21.973,-6.507,-1.677
37.185,-6.195,-0.112
37.189,-6.256,-0.098
37.184,-6.182,-0.115
-22.008,-8.739,0.254
-22.015,-8.634,0.233
-22.019,-8.587,0.224
-21.993,-9.111,0.337
-22.001,-8.939,0.300
-21.996,-9.042,0.322
-22.006,-8.837,0.278
37.150,-8.464,1.829
37.147,-8.408,1.817
37.162,-8.718,1.884
-17.788,-3.126,-7.098
-21.978,-6.398,-1.701
-21.986,-6.266,-1.728
-21.968,-6.603,-1.656
-21.963,-6.709,-1.633
-21.973,-6.507,-1.677
37.183,-6.141,-0.124
37.190,-6.278,-0.094
37.184,-6.182,-0.115
-21.990,-7.617,-0.714
-21.997,-7.510,-0.735
-21.984,-7.791,-0.674
-21.984,-7.774,-0.677
-21.981,-7.849,-0.661
-21.989,-7.672,-0.700
37.168,-7.341,0.861
37.174,-7.467,0.888
37.177,-7.524,0.901
-17.805,-4.257,-6.129
-21.999,-7.466,-0.745
-22.009,-7.283,-0.783
-21.999,-7.456,-0.747
-21.986,-7.736,-0.686
-21.989,-7.672,-0.700
37.264,-6.769,0.769
37.159,-7.140,0.817
37.173,-7.421,0.879
37.168,-7.348,0.862
-21.972,-6.488,-1.683
-21.980,-6.381,-1.703
-21.975,-6.455,-1.688
-21.967,-6.637,-1.648
-21.965,-6.673,-1.641
37.288,-5.773,-0.172
37.184,-6.157,-0.120
37.191,-6.320,-0.085
-18.117,7.455,4.126
-22.310,4.241,9.511
-22.319,4.401,9.477
-22.311,4.253,9.508
-22.299,4.001,9.563
-22.300,4.029,9.557
36.952,4.937,11.024
36.847,4.566,11.073
36.856,4.389,11.112
36.850,4.491,11.089
-21.992,-5.747,-1.044
-21.999,-5.639,-1.066
-21.992,-5.786,-1.034
-21.996,-5.699,-1.053
-21.987,-5.897,-1.009
-22.022,-5.947,-0.958
37.163,-5.401,0.515
37.171,-5.578,0.554
-17.806,-2.407,-6.455
-21.999,-5.630,-1.068
-22.008,-5.482,-1.099
-21.990,-5.818,-1.026
-21.987,-5.897,-1.009
-21.995,-5.845,-1.015
37.162,-5.373,0.509
37.162,-5.376,0.510
37.209,-4.920,0.428
-21.986,-5.876,-1.016
-21.999,-5.632,-1.067
-21.996,-5.693,-1.054
-21.985,-5.941,-1.000
-21.986,-5.905,-1.008
37.267,-5.014,0.463
37.163,-5.394,0.514
37.175,-5.651,0.570
-17.864,-6.475,-3.037
-22.058,-9.680,2.346
-22.064,-9.583,2.326
-22.050,-9.843,2.382
-22.049,-9.873,2.388
-22.046,-9.919,2.398
-22.042,-10.021,2.421
-22.050,-9.845,2.382
37.103,-9.423,3.923
37.108,-9.518,3.944
37.100,-9.364,3.910
37.116,-9.697,3.983
-17.861,-6.532,-3.024
-22.055,-9.729,2.357
-22.062,-9.610,2.332
-22.046,-9.921,2.399
-22.046,-9.923,2.399
-22.045,-9.947,2.405
-22.040,-10.050,2.427
-22.050,-9.845,2.382
37.106,-9.472,3.934
37.111,-9.597,3.961
37.103,-9.415,3.921
37.118,-9.725,3.989
-17.795,-1.884,-6.930
-21.988,-5.109,-1.543
-21.995,-4.997,-1.566
-21.980,-5.274,-1.507
-21.981,-5.258,-1.510
37.274,-4.412,-0.029
37.170,-4.794,0.022
37.181,-5.036,0.074
-17.825,-3.529,-5.487
-22.018,-6.739,-0.103
-22.028,-6.562,-0.140
-22.019,-6.729,-0.105
-22.002,-7.090,-0.026
-22.009,-6.932,-0.060
37.244,-6.043,1.411
37.139,-6.414,1.459
37.158,-6.796,1.543
37.148,-6.608,1.501
-21.992,-5.748,-1.044
-22.000,-5.641,-1.064
-21.995,-5.715,-1.049
-21.987,-5.897,-1.009
-21.985,-5.933,-1.001
37.268,-5.033,0.467
37.164,-5.417,0.519
37.171,-5.580,0.555
-18.117,7.455,4.126
-22.310,4.241,9.511
-22.319,4.401,9.477
-22.311,4.253,9.508
-22.299,4.001,9.563
-22.300,4.029,9.557
36.952,4.937,11.024
36.847,4.566,11.073
36.856,4.389,11.112
36.850,4.491,11.089
-21.966,-6.616,-1.655
-21.979,-6.372,-1.706
-21.976,-6.433,-1.693
-21.965,-6.681,-1.639
-21.966,-6.645,-1.647
37.287,-5.754,-0.176
37.183,-6.134,-0.125
37.195,-6.391,-0.069
-17.803,-4.317,-6.116
-21.994,-7.581,-0.720
-22.001,-7.461,-0.744
-21.995,-7.559,-0.724
-21.981,-7.852,-0.660
-21.983,-7.810,-0.670
37.269,-6.878,0.792
37.164,-7.259,0.843
37.174,-7.437,0.882
37.168,-7.348,0.862
-22.033,-10.487,1.720
-22.040,-10.382,1.699
-22.043,-10.334,1.690
-22.035,-10.480,1.720
-22.002,-7.392,-0.761
-21.995,-7.550,-0.726
-21.980,-7.861,-0.659
-21.980,-7.874,-0.656
-21.989,-7.672,-0.700
37.163,-7.222,0.835
37.163,-7.226,0.836
37.178,-7.549,0.906
-17.804,-4.280,-6.124
-21.998,-7.494,-0.739
-22.007,-7.324,-0.774
-21.998,-7.484,-0.741
-21.982,-7.830,-0.665
-21.980,-7.866,-0.657
37.265,-6.797,0.775
37.160,-7.169,0.824
37.174,-7.449,0.885
37.168,-7.348,0.862
-22.351,1.352,11.946
-22.357,1.457,11.926
-22.361,1.505,11.916
-22.353,1.359,11.947
-22.354,1.379,11.943
-22.340,1.094,12.005
-22.341,1.116,12.000
36.909,2.066,13.458
36.804,1.695,13.507
36.818,1.402,13.570
36.816,1.477,13.554
36.809,1.579,13.532
-22.011,-6.855,-0.079
-22.018,-6.751,-0.100
-22.010,-6.915,-0.064
-22.005,-7.022,-0.041
-22.000,-7.121,-0.019
-22.009,-6.932,-0.060
37.147,-6.574,1.494
37.148,-6.590,1.498
37.158,-6.796,1.543
-17.805,-2.432,-6.449
-21.998,-5.653,-1.063
-22.006,-5.521,-1.090
-21.988,-5.863,-1.017
-21.983,-5.969,-0.994
-21.993,-5.767,-1.038
37.163,-5.396,0.514
37.170,-5.538,0.546
37.164,-5.443,0.524
9.854,-2.560,-6.543
-22.020,-6.706,-0.110
-22.006,-6.989,-0.048
-22.004,-7.034,-0.038
-22.001,-7.109,-0.022
-22.009,-6.932,-0.060
37.161,-6.871,1.559
37.151,-6.665,1.514
37.157,-6.784,1.540
-17.825,-3.517,-5.489
-22.019,-6.726,-0.106
-22.029,-6.543,-0.144
-22.019,-6.716,-0.108
-22.006,-6.996,-0.046
-22.009,-6.932,-0.060
37.244,-6.030,1.408
37.139,-6.400,1.456
37.153,-6.681,1.518
37.148,-6.608,1.501
-22.015,-6.772,-0.097
-22.022,-6.667,-0.118
-22.012,-6.873,-0.073
-22.004,-7.034,-0.038
-22.001,-7.109,-0.022
-22.009,-6.932,-0.060
37.143,-6.497,1.477
37.146,-6.548,1.489
37.157,-6.784,1.540
-18.159,4.567,6.563
-22.353,1.370,11.945
-22.360,1.489,11.920
-22.344,1.177,11.987
-22.344,1.176,11.987
-22.343,1.152,11.992
-22.338,1.049,12.015
-22.348,1.254,11.970
36.808,1.627,13.521
36.814,1.502,13.549
36.805,1.683,13.509
36.820,1.373,13.577
-17.783,-3.226,-7.077
-21.975,-6.457,-1.688
-21.981,-6.370,-1.705
-21.966,-6.643,-1.647
-21.964,-6.696,-1.636
-21.971,-6.676,-1.634
37.186,-6.200,-0.111
37.186,-6.201,-0.111
37.270,-5.753,-0.181
-21.978,-6.355,-1.712
-21.984,-6.281,-1.726
-21.976,-6.441,-1.691
-21.980,-6.354,-1.710
-21.965,-6.673,-1.641
-22.000,-6.720,-1.590
37.178,-6.043,-0.145
37.187,-6.234,-0.104
-17.844,-7.215,-3.676
-22.038,-10.420,1.707
-22.044,-10.322,1.687
-22.030,-10.583,1.743
-22.029,-10.613,1.749
-22.027,-10.659,1.759
-22.022,-10.761,1.782
-22.030,-10.585,1.743
37.123,-10.163,3.284
37.128,-10.258,3.305
37.120,-10.104,3.271
37.136,-10.437,3.344
-17.776,-2.624,-7.569
-21.968,-5.849,-2.182
-21.975,-5.736,-2.205
-21.960,-6.014,-2.146
-21.961,-5.998,-2.149
37.294,-5.152,-0.669
37.190,-5.534,-0.618
37.201,-5.776,-0.565
-17.785,-3.172,-7.088
-21.978,-6.393,-1.702
-21.986,-6.261,-1.729
-21.968,-6.603,-1.656
-21.963,-6.709,-1.633
-21.973,-6.507,-1.677
37.183,-6.136,-0.125
37.190,-6.278,-0.094
37.184,-6.182,-0.115
-21.990,-7.617,-0.714
-21.997,-7.510,-0.735
-21.984,-7.791,-0.674
-21.984,-7.774,-0.677
-21.981,-7.849,-0.661
-21.989,-7.672,-0.700
37.168,-7.341,0.861
37.174,-7.467,0.888
37.177,-7.524,0.901
-17.804,-4.280,-6.124
-21.998,-7.494,-0.739
-22.007,-7.324,-0.774
-21.998,-7.484,-0.741
-21.982,-7.830,-0.665
-21.980,-7.866,-0.657
37.265,-6.797,0.775
37.160,-7.169,0.824
37.174,-7.449,0.885
37.168,-7.348,0.862
-22.351,1.352,11.946
-22.357,1.457,11.926
-22.361,1.505,11.916
-22.353,1.359,11.947
-22.354,1.379,11.943
-22.340,1.094,12.005
-22.341,1.116,12.000
36.909,2.066,13.458
36.804,1.695,13.507
36.817,1.434,13.564
36.816,1.477,13.554
36.809,1.579,13.532
-21.992,-5.747,-1.044
-21.999,-5.639,-1.066
-21.992,-5.786,-1.034
-21.996,-5.699,-1.053
-21.987,-5.897,-1.009
-22.022,-5.947,-0.958
37.163,-5.401,0.515
37.171,-5.578,0.554
-17.806,-2.407,-6.455
-22.036,-10.460,1.716
-22.022,-10.744,1.778
-22.024,-10.722,1.773
37.227,-9.773,3.231
37.122,-10.144,3.280
37.135,-10.405,3.337
37.133,-10.362,3.328
37.127,-10.260,3.305
-21.996,-7.498,-0.740
-22.002,-7.392,-0.761
-21.995,-7.550,-0.726
-21.980,-7.861,-0.659
-21.980,-7.874,-0.656
-21.989,-7.672,-0.700
37.163,-7.222,0.835
37.163,-7.226,0.836
37.178,-7.549,0.906
-17.805,-4.257,-6.129
-21.999,-7.466,-0.745
-22.009,-7.283,-0.783
-21.999,-7.456,-0.747
-21.986,-7.736,-0.686
-21.989,-7.672,-0.700
37.264,-6.769,0.769
37.159,-7.140,0.817
37.173,-7.421,0.879
37.168,-7.348,0.862
-21.972,-6.488,-1.683
-21.980,-6.381,-1.703
-21.975,-6.455,-1.688
-21.967,-6.637,-1.648
-21.965,-6.673,-1.641
37.288,-5.773,-0.172
37.184,-6.157,-0.120
37.191,-6.320,-0.085
-18.117,7.455,4.126
-22.310,4.241,9.511
-22.319,4.401,9.477
-22.311,4.253,9.508
-22.299,4.001,9.563
-22.300,4.029,9.557
36.952,4.937,11.024
36.847,4.566,11.073
36.856,4.389,11.112
36.850,4.491,11.089
-21.986,-5.876,-1.016
-21.999,-5.632,-1.067
-21.996,-5.693,-1.054
-21.985,-5.941,-1.000
-21.986,-5.905,-1.008
37.267,-5.014,0.463
37.163,-5.394,0.514
37.175,-5.651,0.570
-17.805,-2.432,-6.449
-21.998,-5.653,-1.063
-22.006,-5.521,-1.090
-21.988,-5.863,-1.017
-21.983,-5.969,-0.994
-21.993,-5.767,-1.038
37.163,-5.396,0.514
37.170,-5.538,0.546
37.164,-5.443,0.524
-22.010,-6.877,-0.074
-22.017,-6.770,-0.096
-22.003,-7.051,-0.034
-22.004,-7.034,-0.038
-22.001,-7.109,-0.022
-22.009,-6.932,-0.060
37.148,-6.601,1.500
37.154,-6.727,1.528
37.157,-6.784,1.540
-17.824,-3.540,-5.484
-22.018,-6.754,-0.099
-22.027,-6.584,-0.135
-22.018,-6.744,-0.102
-22.002,-7.090,-0.026
-22.000,-7.126,-0.018
37.245,-6.057,1.414
37.140,-6.430,1.463
37.154,-6.709,1.524
37.148,-6.608,1.501
-21.978,-6.355,-1.712
-21.984,-6.281,-1.726
-21.976,-6.441,-1.691
-21.980,-6.354,-1.710
-21.965,-6.673,-1.641
-22.000,-6.720,-1.590
37.178,-6.043,-0.145
37.187,-6.234,-0.104
-17.776,-2.624,-7.569
-21.968,-5.849,-2.182
-21.975,-5.736,-2.205
-21.960,-6.014,-2.146
-21.961,-5.998,-2.149
37.294,-5.152,-0.669
37.190,-5.534,-0.618
37.201,-5.776,-0.565
-17.804,-4.280,-6.124
-21.998,-7.494,-0.739
-22.007,-7.324,-0.774
-21.998,-7.484,-0.741
-21.982,-7.830,-0.665
-21.980,-7.866,-0.657
37.265,-6.797,0.775
37.160,-7.169,0.824
37.174,-7.449,0.885
37.168,-7.348,0.862
-21.972,-6.488,-1.683
-21.980,-6.381,-1.703
-21.975,-6.455,-1.688
-21.967,-6.637,-1.648
-21.965,-6.673,-1.641
37.288,-5.773,-0.172
37.184,-6.157,-0.120
37.191,-6.320,-0.085
-18.159,4.564,6.564
-22.353,1.370,11.945
-22.360,1.493,11.919
-22.344,1.177,11.987
-22.344,1.176,11.987
-22.343,1.152,11.992
-22.338,1.049,12.015
-22.348,1.254,11.970
36.808,1.627,13.521
36.814,1.502,13.549
36.805,1.683,13.509
36.820,1.373,13.577
-17.841,-7.274,-3.663
-22.036,-10.469,1.718
-22.043,-10.346,1.692
-22.026,-10.661,1.760
-22.026,-10.662,1.760
-22.025,-10.686,1.765
-22.020,-10.790,1.788
-22.030,-10.585,1.743
37.125,-10.212,3.295
37.131,-10.337,3.322
37.123,-10.155,3.282
37.137,-10.465,3.350
-17.805,-4.257,-6.129
-21.999,-7.466,-0.745
-22.009,-7.283,-0.783
-21.999,-7.456,-0.747
-21.986,-7.736,-0.686
-21.989,-7.672,-0.700
37.264,-6.769,0.769
37.159,-7.140,0.817
37.173,-7.421,0.879
37.168,-7.348,0.862
-21.972,-6.488,-1.683
-21.980,-6.381,-1.703
-21.975,-6.455,-1.688
-21.967,-6.637,-1.648
-21.965,-6.673,-1.641
37.288,-5.773,-0.172
37.184,-6.157,-0.120
37.191,-6.320,-0.085
-18.159,4.564,6.564
-22.353,1.370,11.945
-22.360,1.493,11.919
-22.344,1.177,11.987
-22.344,1.176,11.987
-22.343,1.152,11.992
-22.338,1.049,12.015
-22.348,1.254,11.970
36.808,1.627,13.521
36.814,1.502,13.549
36.805,1.683,13.509
36.820,1.373,13.577
0.611,19.253,-7.457
-34.930,4.854,17.781
0.927,8.210,-18.219
37.356,1.153,-6.400
37.350,1.290,-6.430
-21.998,-5.615,-1.073
-22.003,-5.541,-1.087
-21.996,-5.701,-1.052
-22.000,-5.614,-1.071
-21.985,-5.933,-1.001
-22.020,-5.980,-0.951
37.158,-5.303,0.494
37.167,-5.494,0.536
-17.861,-6.534,-3.024
-22.055,-9.729,2.357
-22.063,-9.606,2.331
-22.046,-9.921,2.399
-22.046,-9.923,2.399
-22.045,-9.947,2.405
-22.040,-10.050,2.427
-22.050,-9.845,2.382
37.106,-9.472,3.934
37.111,-9.597,3.961
37.103,-9.415,3.921
37.118,-9.725,3.989
-17.795,-1.884,-6.930
-21.988,-5.109,-1.543
-21.995,-4.997,-1.566
-21.980,-5.274,-1.507
-21.981,-5.258,-1.510
37.274,-4.412,-0.029
37.170,-4.794,0.022
37.181,-5.036,0.074
-17.826,-3.502,-5.493
-22.019,-6.717,-0.107
-22.030,-6.526,-0.148
-22.019,-6.729,-0.105
-22.002,-7.090,-0.026
-22.009,-6.932,-0.060
37.244,-6.042,1.410
37.138,-6.386,1.453
37.158,-6.796,1.543
37.148,-6.608,1.501
-22.016,-6.745,-0.103
-22.023,-6.638,-0.125
-22.015,-6.797,-0.090
-22.006,-7.006,-0.044
-22.003,-7.070,-0.030
-22.009,-6.932,-0.060
37.142,-6.469,1.471
37.142,-6.473,1.472
37.155,-6.745,1.532
-17.802,-2.496,-6.435
-21.995,-5.730,-1.046
-21.994,-5.742,-1.043
-21.988,-5.869,-1.015
-21.986,-5.905,-1.008
-21.993,-5.767,-1.038
37.166,-5.472,0.531
37.171,-5.544,0.547
37.164,-5.443,0.524
-22.351,1.352,11.946
-22.357,1.457,11.925
-22.361,1.510,11.915
-22.353,1.359,11.947
-22.354,1.379,11.943
-22.340,1.094,12.005
-22.341,1.116,12.000
36.909,2.066,13.458
36.804,1.695,13.506
36.817,1.434,13.564
36.816,1.477,13.554
36.809,1.579,13.532
-22.308,4.222,9.513
-22.315,4.328,9.492
-22.301,4.047,9.553
-22.302,4.065,9.549
-22.299,3.990,9.566
-22.307,4.166,9.527
36.850,4.498,11.088
36.856,4.372,11.115
36.859,4.315,11.128
-17.783,-3.226,-7.077
-21.975,-6.457,-1.688
-21.981,-6.370,-1.705
-21.966,-6.643,-1.647
-21.964,-6.696,-1.636
-21.971,-6.676,-1.634
37.186,-6.200,-0.111
37.186,-6.201,-0.111
37.270,-5.753,-0.181
-21.966,-6.616,-1.655
-21.979,-6.372,-1.706
-21.976,-6.433,-1.693
-21.965,-6.681,-1.639
-21.966,-6.645,-1.647
37.287,-5.754,-0.176
37.183,-6.134,-0.125
37.195,-6.391,-0.069
-17.841,-7.274,-3.663
-22.036,-10.469,1.718
-22.043,-10.346,1.692
-22.026,-10.661,1.760
-22.026,-10.662,1.760
-22.025,-10.686,1.765
-22.020,-10.790,1.788
-22.030,-10.585,1.743
37.125,-10.212,3.295
37.131,-10.337,3.322
37.123,-10.155,3.282
37.137,-10.465,3.350
-17.785,-3.172,-7.088
-21.978,-6.393,-1.702
-21.986,-6.261,-1.729
-21.968,-6.603,-1.656
-21.963,-6.709,-1.633
-21.973,-6.507,-1.677
37.183,-6.136,-0.125
37.190,-6.278,-0.094
37.184,-6.182,-0.115
-21.990,-7.617,-0.714
-21.997,-7.510,-0.735
-21.984,-7.791,-0.674
-21.984,-7.774,-0.677
-21.981,-7.849,-0.661
-21.989,-7.672,-0.700
37.168,-7.341,0.861
37.174,-7.467,0.888
37.177,-7.524,0.901
-17.805,-4.268,-6.126
-21.998,-7.479,-0.742
-22.008,-7.302,-0.779
-21.999,-7.469,-0.744
-21.982,-7.830,-0.665
-21.989,-7.672,-0.700
37.264,-6.783,0.771
37.159,-7.154,0.820
37.178,-7.536,0.904
37.168,-7.348,0.862
9.871,-3.247,-7.194
-22.004,-7.368,-0.766
-21.997,-7.499,-0.738
-21.986,-7.746,-0.684
-21.983,-7.810,-0.670
-21.989,-7.672,-0.700
37.166,-7.301,0.852
37.160,-7.174,0.825
37.175,-7.485,0.892
-18.117,7.455,4.126
-22.310,4.241,9.511
-22.319,4.401,9.477
-22.311,4.253,9.508
-22.299,4.001,9.563
-22.300,4.029,9.557
36.952,4.937,11.024
36.847,4.566,11.073
36.856,4.389,11.112
36.850,4.491,11.089
-21.990,-7.617,-0.714
-21.997,-7.510,-0.735
-21.984,-7.791,-0.674
-21.984,-7.774,-0.677
-21.981,-7.849,-0.661
-21.989,-7.672,-0.700
37.168,-7.341,0.861
37.174,-7.467,0.888
37.177,-7.524,0.901
-17.805,-4.268,-6.126
-21.998,-7.479,-0.742
-22.008,-7.302,-0.779
-21.999,-7.469,-0.744
-21.982,-7.830,-0.665
-21.989,-7.672,-0.700
37.264,-6.783,0.771
37.159,-7.154,0.820
37.178,-7.536,0.904
37.168,-7.348,0.862
9.878,-3.398,-7.161
-22.003,-7.388,-0.762
-21.993,-7.594,-0.717
37.441,0.703,-5.914
37.434,0.840,-5.944
37.267,2.677,-7.479
10.007,4.588,-13.962
37.429,1.153,-6.010
-17.671,3.473,-12.876
37.474,0.646,-5.893
37.468,0.783,-5.923
9.745,16.428,-7.224
9.721,17.263,-6.605
-17.671,5.606,-14.418
-17.768,8.932,-11.942
-17.902,14.005,-7.444
-18.110,20.851,-0.571
-17.707,7.463,-12.429
-17.769,7.154,-9.676
37.331,4.333,-2.707
37.324,4.471,-2.737
37.168,6.375,-4.282
9.941,6.940,-12.073
37.363,3.505,-4.121
-17.753,6.159,-11.060
37.314,3.343,-4.101
37.307,3.480,-4.131
9.961,6.521,-11.982
37.404,3.092,-4.025
-17.755,6.204,-11.070
37.274,3.393,-4.122
37.268,3.531,-4.152
9.657,19.572,-4.707
9.504,25.374,0.432
-17.993,17.531,-4.211
37.356,1.153,-6.400
37.350,1.290,-6.430
10.023,4.257,-13.890
37.435,0.832,-5.942
-17.688,3.835,-12.955
37.435,1.011,-5.979
37.429,1.148,-6.009
10.007,4.575,-13.959
37.434,1.140,-6.006
-17.671,4.987,-13.929
37.384,2.414,-7.023
10.024,5.727,-14.934
-18.242,25.261,4.426
36.711,22.604,11.322
-17.683,6.302,-13.777
0.830,11.864,-15.013
0.830,11.873,-15.015
0.748,14.882,-12.469
0.653,18.491,-9.254
-18.243,27.443,4.828
-18.269,27.229,5.236
9.416,28.146,4.192
9.394,27.846,4.619
9.390,27.995,4.587
9.391,27.161,5.130
9.395,27.064,5.151
-17.687,5.319,-14.001
10.020,6.078,-15.007
0.927,8.210,-18.219
37.356,1.153,-6.400
37.350,1.290,-6.430
37.268,2.656,-7.474
10.009,4.541,-13.952
37.435,1.106,-5.998
-17.890,13.882,-7.425
-17.945,16.005,-5.486
0.691,17.038,-10.538
0.909,7.400,-16.519
-30.320,-3.556,3.145
-17.678,4.695,-12.703
37.330,2.030,-5.791
-17.702,4.763,-11.556
37.398,1.942,-4.587
37.392,2.080,-4.617
9.947,7.140,-11.316
37.390,3.710,-3.360
-17.768,6.803,-10.400
37.261,3.992,-3.452
37.255,4.129,-3.482
-17.888,13.388,-8.110
-17.998,17.645,-4.235
-18.093,21.254,-1.020
-18.096,21.313,-1.033
-21.983,5.089,-4.901
28.042,6.503,-5.979
37.356,1.153,-6.400
37.350,1.290,-6.430
10.026,4.195,-13.876
37.423,0.772,-5.933
-17.665,5.936,-13.697
-17.750,6.103,-11.048
37.374,3.278,-4.072
37.367,3.416,-4.102
9.950,6.755,-12.033
37.376,3.320,-4.080
-17.731,7.207,-12.011
37.311,4.636,-5.109
9.966,6.405,-11.957
37.409,2.976,-4.000
-18.227,26.445,3.445
0.915,8.778,-17.542
0.928,8.189,-18.215
0.515,23.645,-4.774
0.447,20.876,-1.201
-22.352,15.315,7.924
-30.802,9.605,18.569
27.673,16.724,6.848
-18.278,27.410,5.197
9.410,28.254,4.169
0.900,9.094,-17.611
37.336,1.893,-5.761
37.330,2.030,-5.791
10.009,4.857,-13.220
37.407,1.434,-5.277
-17.686,6.697,-13.062
-17.731,7.207,-12.011
37.311,4.636,-5.109
9.959,6.567,-11.992
37.402,3.138,-4.036
-18.276,28.134,4.677
0.786,13.444,-13.757
0.785,13.450,-13.758
0.654,18.466,-9.248
0.646,18.637,-9.286
0.858,10.963,-15.617
0.854,11.039,-15.634
0.614,19.954,-7.972
0.629,14.899,-7.464
-22.170,9.352,1.658
-30.600,3.935,12.202
36.905,9.968,3.136
37.337,2.708,-7.467
0.332,30.399,0.958
37.356,1.153,-6.400
37.350,1.290,-6.430
10.004,4.967,-13.244
37.416,1.542,-5.296
-17.686,4.115,-12.215
37.414,1.295,-5.246
37.407,1.432,-5.276
9.949,6.768,-12.036
37.313,3.350,-4.102
-17.727,5.620,-10.942
37.418,2.793,-3.960
37.412,2.931,-3.990
9.948,6.787,-12.040
37.275,3.373,-4.117
-17.850,11.646,-8.176
37.192,9.075,-1.274
9.675,18.883,-5.357
9.678,18.807,-5.341
-17.799,10.227,-10.623
-17.756,8.686,-11.888
37.337,2.701,-7.465
37.356,1.153,-6.400
37.350,1.290,-6.430
10.023,4.241,-13.886
37.436,0.816,-5.939
-17.668,3.403,-12.860
37.432,0.582,-5.891
37.426,0.720,-5.921
37.268,2.670,-7.477
9.991,5.243,-13.304
37.355,1.824,-5.371
-17.850,11.654,-8.178
37.192,9.083,-1.276
9.833,11.138,-8.186
37.260,7.703,-0.232
-18.045,17.141,-1.447
36.984,14.330,5.501
36.978,14.467,5.471
0.449,30.027,1.065
-21.984,-7.774,-0.677
-21.981,-7.849,-0.661
-21.989,-7.672,-0.700
37.163,-7.223,0.835
37.165,-7.270,0.845
37.177,-7.524,0.901
-18.117,7.455,4.126
-22.310,4.241,9.511
-22.319,4.401,9.477
-22.311,4.253,9.508
-22.299,4.001,9.563
-22.300,4.029,9.557
36.952,4.937,11.024
36.847,4.566,11.073
36.856,4.389,11.112
36.850,4.491,11.089
-17.681,5.067,-13.939
-17.649,5.281,-14.354
-17.667,3.394,-12.858
37.433,0.574,-5.890
37.426,0.711,-5.920
10.017,5.888,-14.969
-17.688,3.833,-12.954
37.440,1.008,-5.977
37.433,1.146,-6.007
10.024,5.727,-14.934
-17.671,4.987,-13.929
37.371,2.416,-7.027
10.005,4.630,-13.971
37.332,1.216,-6.048
-17.883,12.994,-6.869
-34.689,1.007,14.472
9.753,16.276,-7.190
-17.862,12.529,-8.723
0.864,10.497,-16.316
37.297,3.372,-4.482
37.290,3.510,-4.512
9.964,6.450,-11.967
37.377,3.025,-4.019
-17.752,6.147,-11.057
37.376,3.322,-4.080
37.369,3.460,-4.110
9.965,7.946,-13.016
-18.115,22.162,-0.424
-18.148,23.515,0.882
0.862,9.796,-15.802
28.087,5.657,-7.757
-18.285,27.428,5.200
0.599,19.507,-7.513
27.825,15.370,0.532
-18.041,19.180,-2.969
-18.285,28.191,4.672
37.339,2.674,-7.459
0.927,8.210,-18.219
10.029,4.116,-13.859
37.427,0.693,-5.916
-17.647,5.228,-14.343
-17.671,3.468,-12.875
37.474,0.642,-5.893
37.468,0.779,-5.923
10.006,4.617,-13.969
37.333,1.204,-6.046
-18.246,26.102,3.881
-22.458,23.249,9.189
9.442,27.757,2.315
9.993,7.345,-14.849
9.982,7.587,-14.902
-18.020,18.428,-3.606
-17.954,16.059,-5.491
-18.012,17.169,-3.770
0.609,20.062,-7.995
-18.250,27.583,4.798
-18.275,27.350,5.210
9.413,28.192,4.182
37.338,2.698,-7.464
10.023,4.241,-13.886
37.436,0.816,-5.939
-17.667,3.379,-12.855
37.433,0.559,-5.886
37.427,0.696,-5.916
10.008,4.567,-13.958
37.372,1.148,-6.024
-17.686,3.785,-12.944
37.438,0.961,-5.968
37.431,1.098,-5.998
10.024,5.727,-14.934
-17.669,3.430,-12.866
37.476,0.603,-5.884
37.470,0.741,-5.914
10.007,4.582,-13.961
37.334,1.169,-6.038
-17.858,12.562,-8.738
-17.885,13.792,-7.405
0.411,27.439,-1.599
-17.667,5.970,-13.704
-17.698,6.626,-13.847
-17.692,4.236,-12.241
37.423,1.413,-5.268
37.416,1.550,-5.298
37.229,4.130,-6.194
9.930,7.504,-11.396
37.351,4.070,-3.444
-17.766,6.765,-10.392
37.362,3.940,-3.414
37.355,4.078,-3.444
9.930,7.503,-11.396
37.294,4.085,-3.462
-17.751,7.947,-11.372
37.292,5.376,-4.470
9.695,18.449,-5.263
-17.822,11.026,-9.997
37.336,2.731,-7.472
0.927,8.210,-18.219
10.024,4.232,-13.884
37.436,0.807,-5.937
-17.677,5.114,-13.957
10.018,5.853,-14.961
37.217,3.898,-4.611
37.210,4.035,-4.642
9.966,7.917,-13.010
-17.748,6.056,-11.037
37.281,3.245,-4.089
37.275,3.383,-4.119
9.673,18.172,-4.841
-18.143,23.399,0.907
0.592,20.736,-7.342
0.566,21.609,-6.732
0.520,23.546,-4.753
0.589,20.798,-7.355
-18.241,27.392,4.839
-18.272,27.293,5.222
9.413,28.205,4.180
9.422,28.759,3.697
9.391,27.907,4.606
9.386,28.066,4.572
9.388,27.227,5.116
9.392,27.129,5.137
-17.668,5.993,-13.709
-17.694,4.271,-12.249
37.421,1.448,-5.276
37.414,1.586,-5.306
9.942,6.924,-12.070
37.364,3.489,-4.118
-17.750,6.110,-11.049
37.378,3.285,-4.072
37.371,3.423,-4.102
9.947,6.821,-12.048
37.274,3.408,-4.125
-18.125,22.696,0.260
-18.138,23.291,0.931
0.846,11.215,-15.672
-17.991,17.629,-4.239
0.469,20.834,-2.353
-22.330,15.286,6.768
-30.760,9.870,17.312
36.754,15.714,8.287
37.228,4.143,-6.197
9.950,6.755,-12.033
37.376,3.320,-4.080
-17.704,4.495,-12.298
37.419,1.670,-5.322
37.413,1.808,-5.352
9.706,18.226,-5.214
9.682,18.737,-5.326
-17.753,8.284,-12.601
9.970,6.010,-12.671
37.392,2.576,-4.719
-17.840,12.183,-8.655
-17.870,10.886,-6.487
37.275,8.059,0.495
37.269,8.196,0.465
-18.093,21.373,-1.053
9.843,12.761,-10.427
9.836,12.911,-10.459
0.739,17.716,-8.275
0.870,9.387,-15.715
9.971,7.816,-12.987
-22.268,15.667,3.996
37.104,15.303,5.759
-22.145,10.052,-0.022
37.229,9.662,1.747
0.938,7.007,-17.598
10.039,5.428,-14.868
-21.867,1.856,-8.563
-17.666,4.228,-13.407
-17.703,4.562,-13.457
-17.641,4.465,-13.820
-34.494,-6.740,7.360
-22.195,13.918,1.614
0.789,14.109,-11.503
0.716,15.220,-10.583
9.816,13.649,-7.855
36.991,12.232,1.636
-22.352,19.797,6.737
0.622,20.525,-5.697
-17.855,13.900,-5.833
0.304,29.242,1.930
9.405,27.671,4.658
0.937,7.009,-17.598
10.039,5.429,-14.869
-21.861,1.719,-8.533
0.741,16.085,-9.532
0.871,9.376,-15.713
9.972,7.797,-12.983
0.335,27.189,1.138
9.436,25.612,3.867
-17.742,1.680,-11.348
-17.762,1.497,-11.277
-17.770,1.674,-11.316
37.212,-0.420,-4.631
-17.801,3.900,-9.430
-17.821,3.717,-9.360
-17.830,3.894,-9.398
37.152,1.800,-2.714
-17.742,1.680,-11.348
-17.762,1.497,-11.277
-17.770,1.674,-11.316
37.212,-0.420,-4.631
-17.761,2.420,-10.709
-17.781,2.237,-10.638
-17.790,2.414,-10.677
37.192,0.320,-3.992
-17.733,2.262,-11.837
-17.753,2.079,-11.766
-17.768,2.654,-11.904
37.290,-0.261,-5.014
-17.720,-0.671,-9.447
-17.722,-0.615,-9.459
-21.928,-3.699,-4.095
-30.346,-9.380,6.507
37.153,-3.216,-2.588
37.150,-3.161,-2.600
-17.702,1.224,-10.945
-21.905,-1.923,-5.567
-30.333,-7.386,4.987
37.170,-1.321,-4.086
0.949,7.283,-17.652
-30.294,-3.674,2.008
-21.851,1.451,-8.472
0.934,5.323,-16.140
-21.878,-0.225,-7.022
-30.308,-5.642,3.522
0.940,5.201,-16.113
-21.873,-0.347,-6.995
-30.302,-5.763,3.549
0.648,17.374,-8.284
-30.595,6.410,11.378
0.408,21.122,1.073
-18.220,18.646,4.853
-22.405,15.562,10.194
-30.830,10.062,20.756
36.675,16.073,11.695
0.881,7.419,-14.195
-21.932,1.871,-5.078
-30.362,-3.545,5.467
0.884,7.358,-14.182
-21.929,1.811,-5.064
-30.359,-3.606,5.480
0.853,5.737,-12.744
-17.743,3.048,-8.941
-21.959,0.170,-3.622
-30.381,-5.402,6.956
37.130,0.503,-2.082
9.983,7.558,-14.895
9.800,12.910,-8.133
37.180,9.595,-0.217
9.873,8.579,-9.668
37.268,4.943,-1.681
37.258,5.167,-1.730
9.805,13.894,-7.909
-21.963,3.325,-5.759
37.333,3.380,-4.104
37.326,3.519,-4.134
-22.411,22.251,7.450
9.590,21.946,-0.859
-22.165,12.628,0.295
37.119,12.927,1.897
-22.330,19.000,6.110
0.557,22.415,-4.936
9.612,20.841,-2.219
-22.497,24.012,10.982
36.883,23.498,12.777
-22.333,19.073,6.094
0.871,9.365,-15.711
9.972,7.794,-12.983
-22.336,18.061,5.876
37.045,17.529,7.675
-22.348,18.623,6.554
37.020,18.361,8.294
0.389,27.016,1.188
9.444,25.453,3.902
0.403,24.805,-0.743
-22.403,19.683,8.285
36.972,19.275,10.057
-21.877,2.056,-8.607
0.926,7.249,-17.651
10.027,5.678,-14.923
-22.308,18.208,5.482
0.360,27.417,0.727
9.461,25.849,3.455
0.727,14.665,-11.263
9.827,13.094,-8.535
-22.115,10.932,-0.936
0.750,15.570,-10.220
-17.882,14.791,-5.226
0.448,24.726,-3.050
9.549,23.146,-0.320
-22.439,22.907,9.260
0.593,18.651,-6.967
-22.214,13.555,2.055
0.319,28.924,2.000
-22.487,23.810,11.026
-17.661,5.950,-13.706
0.415,25.291,-1.211
9.516,23.721,1.517
0.395,26.034,-0.572
9.497,24.454,2.158
0.873,9.327,-15.702
9.974,7.748,-12.973
-21.932,4.193,-6.671
-18.036,20.610,-0.091
0.538,20.773,-5.029
9.639,19.193,-2.299
-17.742,1.680,-11.348
-17.762,1.497,-11.277
-17.770,1.674,-11.316
37.212,-0.420,-4.631
-17.753,3.002,-11.197
-17.773,2.819,-11.127
-17.788,3.394,-11.265
37.270,0.479,-4.375
-17.757,2.165,-11.784
-17.762,2.257,-11.804
37.220,0.158,-5.118
-17.733,2.262,-11.837
-17.753,2.079,-11.766
-17.768,2.654,-11.904
37.290,-0.261,-5.014
-17.720,-0.668,-9.447
-17.718,-0.719,-9.436
-21.929,-3.679,-4.100
-30.355,-9.172,6.461
37.153,-3.214,-2.588
37.155,-3.264,-2.577
-17.680,3.019,-12.421
-21.885,-0.088,-7.052
37.193,0.474,-5.562
-21.852,1.475,-8.477
0.620,13.111,-5.985
-17.973,10.343,-2.165
-22.192,7.549,3.135
-30.609,1.865,13.738
36.909,7.619,4.733
0.501,19.373,-2.470
0.881,7.418,-14.195
-21.932,1.870,-5.077
-30.362,-3.546,5.467
0.893,9.428,-15.718
-30.350,-1.529,3.942
-21.912,3.703,-6.562
0.693,12.873,-9.420
-22.120,7.324,-0.302
-30.550,1.908,10.242
36.962,7.802,1.207
-17.995,11.142,-1.539
-18.000,11.246,-1.561
-30.637,2.781,14.339
36.877,8.596,5.320
36.873,8.700,5.298
-17.770,6.526,-9.183
-21.971,3.334,-3.796
37.102,3.980,-2.324
-17.672,2.857,-12.385
-21.874,-0.328,-7.000
37.200,0.311,-5.526
-17.653,3.202,-12.822
-30.289,-5.282,3.082
0.937,5.266,-16.127
-21.876,-0.282,-7.010
-30.305,-5.699,3.535
0.792,12.844,-13.261
-30.483,1.852,6.443
-30.609,5.676,10.774
-30.604,5.543,10.804
-17.978,10.456,-2.190
-22.191,7.521,3.142
-30.611,1.904,13.730
-30.603,1.725,13.769
36.890,8.012,4.647
-17.936,12.274,-4.833
-22.140,9.151,0.539
36.936,9.728,2.026
-18.147,18.429,2.553
-22.363,15.549,7.873
-30.785,9.969,18.452
36.719,16.021,9.382
-21.875,1.977,-8.587
0.590,17.724,-6.036
-22.222,12.164,3.084
-30.648,6.672,13.645
0.800,11.590,-13.426
-30.474,0.583,6.281
0.639,18.630,-8.119
-30.604,7.673,11.542
-18.135,18.168,2.610
-30.775,9.765,18.497
-30.768,9.609,18.531
36.738,15.617,9.470
-18.100,17.858,1.516
-22.326,15.205,6.785
-30.733,9.314,17.433
0.456,22.794,-1.538
-22.357,17.245,7.580
-30.786,11.829,18.124
0.911,8.398,-17.095
-30.332,-2.559,2.566
-21.989,5.226,-4.931
-30.446,-0.330,5.679
-17.991,14.715,-2.163
-22.202,11.731,3.179
36.882,12.169,4.696
-21.963,-5.916,-2.169
-21.972,-5.772,-2.199
-21.969,-5.836,-2.185
-21.956,-6.101,-2.127
-21.965,-5.925,-2.165
37.193,-5.597,-0.604
37.198,-5.690,-0.583
37.192,-5.600,-0.604
-21.978,-6.355,-1.712
-21.984,-6.281,-1.726
-21.976,-6.441,-1.691
-21.980,-6.354,-1.710
-21.965,-6.673,-1.641
-22.000,-6.720,-1.590
37.178,-6.043,-0.145
37.187,-6.234,-0.104
-17.783,-3.217,-7.078
-21.975,-6.452,-1.689
-21.980,-6.376,-1.704
-21.969,-6.581,-1.661
-21.963,-6.716,-1.631
-21.973,-6.507,-1.677
37.185,-6.195,-0.112
37.189,-6.256,-0.098
37.184,-6.182,-0.115
-22.033,-10.487,1.720
-22.040,-10.382,1.699
-22.043,-10.334,1.690
-22.035,-10.480,1.720
-22.036,-10.460,1.716
-22.022,-10.744,1.778
-22.024,-10.722,1.773
37.227,-9.773,3.231
37.122,-10.144,3.280
37.135,-10.405,3.337
37.133,-10.362,3.328
37.127,-10.260,3.305
-21.990,-7.617,-0.714
-21.997,-7.510,-0.735
-21.984,-7.791,-0.674
-21.984,-7.774,-0.677
-21.981,-7.849,-0.661
-21.989,-7.672,-0.700
37.168,-7.341,0.861
37.174,-7.467,0.888
37.177,-7.524,0.901
-17.805,-4.257,-6.129
-21.999,-7.466,-0.745
-22.009,-7.283,-0.783
-21.999,-7.456,-0.747
-21.986,-7.736,-0.686
-21.989,-7.672,-0.700
37.264,-6.769,0.769
37.159,-7.140,0.817
37.173,-7.421,0.879
37.168,-7.348,0.862
-21.995,-7.512,-0.736
-22.002,-7.407,-0.757
-21.992,-7.613,-0.713
-21.984,-7.774,-0.677
-21.981,-7.849,-0.661
-21.989,-7.672,-0.700
37.163,-7.237,0.838
37.166,-7.288,0.849
37.177,-7.524,0.901
-18.159,4.567,6.563
-22.353,1.370,11.945
-22.360,1.489,11.920
-22.344,1.177,11.987
-22.344,1.176,11.987
-22.343,1.152,11.992
-22.338,1.049,12.015
-22.348,1.254,11.970
36.808,1.627,13.521
36.814,1.502,13.549
36.805,1.683,13.509
36.820,1.373,13.577
-18.117,7.455,4.126
-22.310,4.241,9.511
-22.319,4.401,9.477
-22.311,4.253,9.508
-22.299,4.001,9.563
-22.300,4.029,9.557
36.952,4.937,11.024
36.847,4.566,11.073
36.856,4.389,11.112
36.850,4.491,11.089
-22.023,-3.695,-0.252
-22.032,-3.552,-0.281
-22.028,-3.616,-0.267
-22.016,-3.881,-0.209
-22.024,-3.705,-0.248
37.133,-3.377,1.314
37.139,-3.470,1.334
37.132,-3.380,1.314
-22.032,-4.267,0.234
-22.039,-4.160,0.213
-22.032,-4.306,0.245
-22.036,-4.219,0.226
-22.026,-4.417,0.269
-22.061,-4.468,0.320
37.123,-3.922,1.794
37.132,-4.098,1.832
-17.843,-0.997,-5.161
-22.035,-4.232,0.229
-22.040,-4.156,0.213
-22.029,-4.361,0.257
-22.023,-4.496,0.286
-30.738,8.341,17.206
-30.725,8.065,17.267
36.771,14.268,8.164
-18.198,21.964,3.461
-22.408,18.974,8.804
36.675,19.419,10.320
-17.732,5.081,-10.469
-21.936,1.945,-5.094
37.140,2.536,-3.610
-17.722,5.619,-10.948
-30.360,-2.826,4.948
0.876,7.508,-14.215
-21.936,1.960,-5.097
-30.366,-3.456,5.447
0.901,9.255,-15.680
-30.342,-1.702,3.980
-30.450,1.864,6.404
0.570,14.055,-4.229
-18.059,11.606,-0.454
-22.242,8.488,4.893
-30.667,2.971,15.459
-30.646,2.535,15.554
36.834,9.074,6.378
-18.218,20.139,4.943
-22.430,17.177,10.280
-30.882,11.486,20.922
-30.823,10.973,20.997
0.873,5.000,-13.384
-17.731,2.469,-9.615
-21.939,-0.567,-4.262
-30.360,-6.168,6.323
37.142,-0.077,-2.756
-17.664,2.680,-12.347
-21.875,-0.302,-7.005
37.209,0.134,-5.488
-21.864,1.734,-8.534
0.960,7.051,-17.601
-30.316,-3.927,2.100
-21.852,1.482,-8.479
0.740,6.066,-8.968
-17.858,3.423,-5.175
-22.073,0.518,0.150
-30.486,-5.257,10.772
-30.496,-5.026,10.722
37.021,0.743,1.713
37.015,0.868,1.686
-22.246,14.815,3.384
-30.670,9.275,13.956
-18.081,16.064,0.667
-22.294,13.134,5.997
-30.724,7.713,16.543
36.783,13.703,7.486
-18.011,11.477,-1.612
-22.216,8.371,3.757
-30.668,2.719,14.388
-30.637,2.775,14.340
36.868,8.793,5.277
-18.045,12.841,-0.308
-22.258,9.897,5.025
-30.714,4.299,15.646
-30.675,4.217,15.627
36.829,10.269,6.557
-22.149,12.244,0.381
0.615,15.052,-6.331
-22.197,9.473,2.793
-30.619,3.906,13.370
-30.600,3.491,13.461
0.412,18.117,1.212
-18.178,15.307,5.042
-22.400,12.566,10.330
-30.841,6.644,21.023
-30.811,6.746,20.963
36.691,12.842,11.883
36.690,12.859,11.880
-18.177,18.628,3.672
-22.389,15.664,9.009
-30.818,10.240,19.555
36.695,16.082,10.531
0.490,16.276,-1.149
-18.110,13.654,2.639
-22.323,10.728,7.968
-30.744,5.132,18.552
-30.748,5.210,18.535
36.763,11.109,9.498
0.435,23.893,-0.176
-22.378,18.345,8.941
-30.808,12.928,19.486
0.818,8.314,-13.228
-30.414,-2.883,6.484
-30.445,-2.933,6.531
-30.452,-2.819,6.507
-18.070,17.348,-0.336
-22.276,14.263,5.028
36.802,14.802,6.524
-18.112,18.870,0.933
-22.315,15.730,6.309
36.761,16.325,7.793
-18.184,17.267,4.692
-18.205,17.236,4.722
-30.822,8.804,20.592
-30.815,8.653,20.624
36.688,14.717,11.552
0.388,24.430,0.868
-22.424,18.882,9.986
-30.854,13.461,20.531
36.660,19.298,11.508
-21.927,2.943,-6.835
-30.385,-2.578,3.768
-22.198,13.915,1.618
0.250,21.519,7.159
-18.343,18.761,10.977
-18.355,18.562,11.044
-22.562,15.952,16.281
-30.984,10.373,26.860
-30.965,9.979,26.946
36.534,16.126,17.855
36.518,16.456,17.783
0.785,9.637,-11.916
-22.027,4.089,-2.798
-30.457,-1.335,7.747
37.047,4.717,-1.322
-17.984,11.660,-2.013
-22.197,8.734,3.316
-30.626,3.290,13.866
36.889,9.115,4.846
0.540,23.410,-4.719
0.767,10.869,-11.748
-30.494,-0.189,7.973
27.990,6.731,-3.704
0.676,15.163,-9.044
-30.557,4.214,10.618
37.076,9.913,1.654
-21.972,-6.487,-1.683
-21.979,-6.379,-1.705
-21.972,-6.526,-1.673
-21.976,-6.439,-1.692
-21.967,-6.637,-1.648
-22.002,-6.687,-1.597
37.183,-6.141,-0.124
37.191,-6.318,-0.085
-17.801,-4.355,-6.107
-21.994,-7.571,-0.722
-22.001,-7.444,-0.748
-21.995,-7.559,-0.724
-21.981,-7.852,-0.660
-21.983,-7.810,-0.670
37.269,-6.880,0.793
37.164,-7.253,0.842
37.174,-7.437,0.882
37.168,-7.348,0.862
9.835,-6.257,-4.730
-22.042,-10.334,1.688
-22.045,-10.302,1.683
-22.039,-10.402,1.703
-22.038,-10.409,1.705
-22.021,-10.765,1.783
-22.024,-10.722,1.773
37.225,-9.722,3.220
37.120,-10.096,3.269
37.131,-10.328,3.320
37.132,-10.334,3.322
37.127,-10.260,3.305
-21.966,-5.867,-2.180
-21.972,-5.772,-2.199
-21.969,-5.836,-2.185
-21.956,-6.101,-2.127
-21.965,-5.925,-2.165
37.193,-5.592,-0.605
37.198,-5.690,-0.583
37.192,-5.600,-0.604
-21.976,-6.411,-1.700
-21.982,-6.311,-1.720
-21.979,-6.381,-1.704
-21.964,-6.687,-1.637
-22.026,-4.425,0.271
37.227,-3.534,1.742
37.123,-3.914,1.792
37.135,-4.171,1.848
-17.860,-2.136,-4.190
-22.054,-5.351,1.196
-22.061,-5.224,1.169
-22.054,-5.339,1.193
-22.040,-5.633,1.257
-22.042,-5.590,1.248
37.209,-4.660,2.710
37.104,-5.033,2.759
37.114,-5.218,2.800
37.108,-5.128,2.780
9.770,-3.934,-2.835
-22.099,-8.162,3.616
-22.103,-8.116,3.608
-22.098,-8.192,3.623
-22.096,-8.240,3.633
-22.082,-8.525,3.695
-22.083,-8.503,3.691
37.167,-7.549,5.148
37.063,-7.924,5.197
37.072,-8.117,5.239
37.074,-8.142,5.245
37.067,-8.040,5.222
-22.025,-3.648,-0.262
-22.032,-3.552,-0.281
-22.028,-3.616,-0.267
-22.016,-3.881,-0.209
-22.024,-3.705,-0.248
37.133,-3.372,1.312
37.139,-3.470,1.334
37.132,-3.380,1.314
-22.035,-4.192,0.218
-22.042,-4.092,0.198
-22.038,-4.161,0.213
-22.024,-4.468,0.280
-22.029,-4.361,0.257
37.225,-3.477,1.729
37.120,-3.854,1.779
37.135,-4.164,1.847
-17.864,-2.049,-4.209
-22.058,-5.259,1.176
-22.068,-5.082,1.138
-22.058,-5.249,1.173
-22.041,-5.610,1.252
-22.049,-5.453,1.218
37.205,-4.563,2.689
37.100,-4.934,2.738
37.119,-5.316,2.821
37.108,-5.128,2.780
-22.056,-5.265,1.175
-22.063,-5.158,1.154
-22.055,-5.317,1.188
-22.045,-5.526,1.234
-22.042,-5.590,1.248
-22.049,-5.453,1.218
37.102,-4.989,2.750
37.103,-4.993,2.750
37.115,-5.265,2.810
-17.842,-1.016,-5.157
-22.034,-4.250,0.233
-22.034,-4.262,0.235
-22.028,-4.389,0.263
-22.026,-4.425,0.271
-22.032,-4.288,0.241
37.127,-3.993,1.809
37.131,-4.064,1.825
37.124,-3.963,1.803
-22.351,1.352,11.946
-22.357,1.457,11.926
-22.361,1.505,11.916
-22.353,1.359,11.947
-22.354,1.379,11.943
-22.340,1.094,12.005
-22.341,1.116,12.000
36.909,2.066,13.458
36.804,1.695,13.507
36.817,1.434,13.564
36.816,1.477,13.554
36.809,1.579,13.532
-22.308,4.222,9.513
-22.315,4.328,9.492
-22.301,4.047,9.553
-22.302,4.065,9.549
-22.299,3.990,9.566
-22.307,4.166,9.527
36.850,4.498,11.088
36.856,4.372,11.115
36.859,4.315,11.128
-17.787,-3.147,-7.094
-21.979,-6.370,-1.707
-21.988,-6.222,-1.738
-21.970,-6.558,-1.666
-21.967,-6.637,-1.648
-21.975,-6.585,-1.654
37.182,-6.113,-0.130
37.182,-6.116,-0.129
37.229,-5.660,-0.211
-21.966,-6.616,-1.655
-21.979,-6.372,-1.706
-21.976,-6.433,-1.693
-21.965,-6.681,-1.639
-21.966,-6.645,-1.647
37.287,-5.754,-0.176
37.183,-6.134,-0.125
37.195,-6.391,-0.069
-17.801,-4.355,-6.107
-21.994,-7.571,-0.722
-22.001,-7.444,-0.748
-21.995,-7.559,-0.724
-21.981,-7.852,-0.660
-21.983,-7.810,-0.670
37.269,-6.880,0.793
37.164,-7.253,0.842
37.174,-7.437,0.882
37.168,-7.348,0.862
-22.035,-10.436,1.709
-22.042,-10.334,1.688
-22.045,-10.299,1.682
-22.037,-10.429,1.709
-22.038,-10.409,1.705
-22.021,-10.765,1.783
-22.024,-10.722,1.773
37.225,-9.723,3.220
37.120,-10.096,3.269
37.132,-10.356,3.326
37.132,-10.334,3.322
37.127,-10.260,3.305
-22.033,-10.487,1.720
-22.040,-10.382,1.699
-22.043,-10.334,1.690
-22.035,-10.480,1.720
-22.036,-10.460,1.716
-22.022,-10.744,1.778
-22.024,-10.722,1.773
37.227,-9.773,3.231
37.122,-10.144,3.280
37.135,-10.405,3.337
37.133,-10.362,3.328
37.127,-10.260,3.305
9.903,-1.646,-8.628
-21.972,-5.772,-2.199
-21.969,-5.836,-2.185
-21.956,-6.101,-2.127
-21.965,-5.925,-2.165
37.193,-5.597,-0.604
37.198,-5.690,-0.583
37.192,-5.600,-0.604
-21.990,-7.617,-0.714
-21.997,-7.510,-0.735
-21.984,-7.791,-0.674
-21.984,-7.774,-0.677
-21.981,-7.849,-0.661
-21.989,-7.672,-0.700
37.168,-7.341,0.861
37.174,-7.467,0.888
37.177,-7.524,0.901
-18.117,7.455,4.126
-22.310,4.241,9.511
-22.319,4.401,9.477
-22.311,4.253,9.508
-22.299,4.001,9.563
-22.300,4.029,9.557
36.952,4.937,11.024
36.847,4.566,11.073
36.856,4.389,11.112
36.850,4.491,11.089
-21.978,-6.355,-1.712
-21.984,-6.281,-1.726
-21.976,-6.441,-1.691
-21.980,-6.354,-1.710
-21.965,-6.673,-1.641
-22.000,-6.720,-1.590
-21.973,-6.507,-1.677
37.183,-6.136,-0.125
37.190,-6.278,-0.094
37.184,-6.182,-0.115
-21.996,-7.498,-0.740
-22.002,-7.392,-0.761
-21.995,-7.550,-0.726
-21.980,-7.861,-0.659
-21.980,-7.874,-0.656
-21.989,-7.672,-0.700
37.163,-7.222,0.835
37.163,-7.226,0.836
37.178,-7.549,0.906
-17.782,-3.236,-7.074
-21.975,-6.470,-1.685
-21.974,-6.482,-1.682
-21.968,-6.609,-1.655
-21.966,-6.645,-1.647
-21.973,-6.507,-1.677
37.186,-6.212,-0.108
37.191,-6.284,-0.092
37.184,-6.182,-0.115
-22.038,-4.136,0.206
-22.043,-4.062,0.191
-22.036,-4.221,0.226
-22.040,-4.134,0.207
-22.025,-4.453,0.277
-22.060,-4.500,0.328
37.119,-3.824,1.772
37.128,-4.014,1.814
-17.904,-4.995,-1.759
-22.097,-8.200,3.625
-22.103,-8.103,3.605
-22.090,-8.363,3.660
-22.088,-8.393,3.667
-22.086,-8.439,3.677
-22.081,-8.542,3.699
-22.090,-8.365,3.661
37.063,-7.943,5.201
37.068,-8.038,5.222
37.061,-7.885,5.189
37.076,-8.217,5.261
-17.859,-2.164,-4.183
-22.052,-5.378,1.202
-22.061,-5.218,1.168
-22.053,-5.365,1.199
-22.041,-5.618,1.254
-22.042,-5.590,1.248
37.210,-4.682,2.715
37.105,-5.053,2.763
37.115,-5.230,2.802
37.108,-5.128,2.780
-22.055,-5.293,1.181
-22.061,-5.188,1.160
-22.052,-5.393,1.205
-22.044,-5.554,1.240
-22.040,-5.629,1.256
-22.049,-5.453,1.218
37.104,-5.017,2.756
37.106,-5.068,2.767
37.117,-5.304,2.818
-17.773,-2.688,-7.555
-21.968,-5.854,-2.181
-21.974,-5.756,-2.201
-21.960,-6.014,-2.146
-21.961,-5.998,-2.149
37.297,-5.200,-0.658
37.190,-5.534,-0.618
37.201,-5.776,-0.565
-17.783,-3.226,-7.077
-21.975,-6.457,-1.688
-21.981,-6.370,-1.705
-21.966,-6.643,-1.647
-21.964,-6.696,-1.636
-21.971,-6.676,-1.634
37.186,-6.200,-0.111
37.186,-6.201,-0.111
37.270,-5.753,-0.181
-21.976,-6.411,-1.700
-21.982,-6.311,-1.720
-21.979,-6.381,-1.704
-21.964,-6.687,-1.637
-21.969,-6.581,-1.661
37.284,-5.696,-0.188
37.180,-6.073,-0.139
37.194,-6.384,-0.071
-17.805,-4.268,-6.126
-21.998,-7.479,-0.742
-22.008,-7.302,-0.779
-21.999,-7.469,-0.744
-21.982,-7.830,-0.665
-21.989,-7.672,-0.700
37.264,-6.783,0.771
37.159,-7.154,0.820
37.178,-7.536,0.904
37.168,-7.348,0.862
-21.996,-7.484,-0.743
-22.003,-7.378,-0.764
-21.996,-7.537,-0.729
-21.986,-7.746,-0.684
-21.983,-7.810,-0.670
-21.989,-7.672,-0.700
37.162,-7.209,0.832
37.162,-7.212,0.833
37.175,-7.485,0.892
-17.804,-4.280,-6.124
-21.998,-7.494,-0.739
-22.007,-7.324,-0.774
-21.998,-7.484,-0.741
-21.982,-7.830,-0.665
-21.980,-7.866,-0.657
37.265,-6.797,0.775
37.160,-7.169,0.824
37.174,-7.449,0.885
37.168,-7.348,0.862
-21.972,-6.488,-1.683
-21.980,-6.381,-1.703
-21.975,-6.455,-1.688
-21.967,-6.637,-1.648
-21.965,-6.673,-1.641
37.288,-5.773,-0.172
37.184,-6.157,-0.120
37.191,-6.320,-0.085
-18.159,4.567,6.563
-22.353,1.370,11.945
-22.360,1.489,11.920
-22.344,1.177,11.987
-22.344,1.176,11.987
-22.343,1.152,11.992
-22.338,1.049,12.015
-22.348,1.254,11.970
36.808,1.627,13.521
36.814,1.502,13.549
36.805,1.683,13.509
36.820,1.373,13.577
-17.783,-3.226,-7.077
-21.975,-6.457,-1.688
-21.981,-6.370,-1.705
-21.966,-6.643,-1.647
-21.964,-6.696,-1.636
-21.971,-6.676,-1.634
37.186,-6.200,-0.111
37.186,-6.201,-0.111
37.270,-5.753,-0.181
-21.991,-7.594,-0.718
-21.998,-7.491,-0.739
-21.990,-7.654,-0.704
-21.985,-7.762,-0.680
-21.980,-7.861,-0.659
-21.989,-7.672,-0.700
37.167,-7.314,0.855
37.168,-7.330,0.859
37.177,-7.536,0.904
-17.844,-7.215,-3.676
-22.038,-10.420,1.707
-22.044,-10.322,1.687
-22.030,-10.583,1.743
-22.029,-10.613,1.749
-22.027,-10.659,1.759
-22.022,-10.761,1.782
-22.030,-10.585,1.743
37.123,-10.163,3.284
37.128,-10.258,3.305
37.120,-10.104,3.271
37.136,-10.437,3.344
-17.776,-2.624,-7.569
-21.968,-5.849,-2.182
-21.975,-5.736,-2.205
-21.960,-6.014,-2.146
-21.961,-5.998,-2.149
37.294,-5.152,-0.669
37.190,-5.534,-0.618
37.201,-5.776,-0.565
-17.805,-4.268,-6.126
37.182,-6.113,-0.130
37.182,-6.116,-0.129
37.229,-5.660,-0.211
-21.966,-6.616,-1.655
-21.979,-6.372,-1.706
-21.976,-6.433,-1.693
-21.965,-6.681,-1.639
-21.966,-6.645,-1.647
37.287,-5.754,-0.176
37.183,-6.134,-0.125
37.195,-6.391,-0.069
-17.817,-5.524,-5.129
-22.011,-8.722,0.252
-22.018,-8.602,0.228
-22.011,-8.732,0.255
-22.011,-8.712,0.250
-21.998,-8.997,0.312
-21.999,-8.975,0.308
37.252,-8.025,1.765
37.147,-8.397,1.814
37.158,-8.614,1.862
37.151,-8.513,1.839
9.893,-2.190,-8.147
-21.982,-6.311,-1.720
-21.979,-6.381,-1.704
-21.964,-6.687,-1.637
-21.969,-6.581,-1.661
37.284,-5.695,-0.189
37.180,-6.073,-0.139
37.194,-6.384,-0.071
-17.799,-4.384,-6.101
-21.993,-7.598,-0.716
-22.002,-7.438,-0.749
-21.993,-7.585,-0.719
-21.981,-7.838,-0.663
-21.983,-7.810,-0.670
37.270,-6.902,0.797
37.165,-7.272,0.846
37.174,-7.449,0.885
37.168,-7.348,0.862
-21.996,-7.484,-0.743
-22.003,-7.378,-0.764
-21.996,-7.537,-0.729
-21.986,-7.746,-0.684
-21.983,-7.810,-0.670
-21.989,-7.672,-0.700
37.162,-7.209,0.832
37.162,-7.212,0.833
37.175,-7.485,0.892
-17.782,-3.236,-7.074
-21.975,-6.470,-1.685
-21.974,-6.482,-1.682
-21.968,-6.609,-1.655
-21.966,-6.645,-1.647
-21.973,-6.507,-1.677
37.186,-6.212,-0.108
37.191,-6.284,-0.092
37.184,-6.182,-0.115
-22.308,4.222,9.513
-22.315,4.328,9.492
-22.301,4.047,9.553
-22.302,4.065,9.549
-22.299,3.990,9.566
-22.307,4.166,9.527
36.850,4.498,11.088
36.856,4.372,11.115
36.859,4.315,11.128
-17.803,-2.486,-6.437
-21.995,-5.717,-1.049
-22.001,-5.630,-1.066
-21.986,-5.903,-1.008
-21.984,-5.956,-0.996
-21.990,-5.937,-0.995
37.166,-5.460,0.528
37.166,-5.461,0.528
37.250,-5.014,0.459
-21.998,-5.615,-1.073
-22.003,-5.541,-1.087
-21.996,-5.701,-1.052
-22.000,-5.614,-1.071
-21.985,-5.933,-1.001
-22.020,-5.980,-0.951
37.158,-5.303,0.494
37.167,-5.494,0.536
-17.803,-2.477,-6.439
-21.995,-5.712,-1.050
-22.000,-5.636,-1.065
-21.989,-5.841,-1.021
-21.983,-5.976,-0.992
-21.993,-5.767,-1.038
37.166,-5.455,0.527
37.169,-5.516,0.541
37.164,-5.443,0.524
-22.055,-9.696,2.348
-22.062,-9.594,2.328
-22.065,-9.559,2.321
-22.057,-9.689,2.348
-22.058,-9.669,2.344
-22.041,-10.025,2.422
-22.043,-9.983,2.412
37.205,-8.983,3.859
37.100,-9.356,3.909
37.112,-9.616,3.965
37.112,-9.594,3.961
37.107,-9.520,3.944
-22.053,-9.747,2.359
-22.060,-9.642,2.338
-22.063,-9.594,2.329
-22.055,-9.740,2.359
-22.056,-9.720,2.355
-22.042,-10.004,2.417
-22.043,-9.983,2.412
37.207,-9.033,3.870
37.102,-9.404,3.919
37.115,-9.665,3.976
37.114,-9.622,3.967
37.107,-9.520,3.944
-21.986,-5.127,-1.541
-21.992,-5.032,-1.559
-21.989,-5.096,-1.546
-21.976,-5.361,-1.488
-21.985,-5.185,-1.526
37.173,-4.852,0.034
37.178,-4.950,0.056
37.172,-4.860,0.036
-22.016,-6.758,-0.100
-22.022,-6.652,-0.122
-22.015,-6.810,-0.087
-22.000,-7.121,-0.019
-22.000,-7.134,-0.016
-22.009,-6.932,-0.060
37.143,-6.482,1.474
37.143,-6.486,1.475
37.158,-6.809,1.546
-17.802,-2.496,-6.435
-21.995,-5.730,-1.046
-21.994,-5.742,-1.043
-21.988,-5.869,-1.015
-21.986,-5.905,-1.008
-21.993,-5.767,-1.038
37.166,-5.472,0.531
37.171,-5.544,0.547
37.164,-5.443,0.524
-22.308,4.222,9.513
-22.315,4.328,9.492
-22.301,4.047,9.553
-22.302,4.065,9.549
-22.299,3.990,9.566
-22.307,4.166,9.527
36.850,4.498,11.088
36.856,4.372,11.115
36.859,4.315,11.128
-17.783,-3.217,-7.078
-21.975,-6.452,-1.689
-21.980,-6.376,-1.704
-21.969,-6.581,-1.661
-21.963,-6.716,-1.631
-21.973,-6.507,-1.677
37.185,-6.195,-0.112
37.189,-6.256,-0.098
37.184,-6.182,-0.115
9.879,-3.415,-7.157
-21.998,-7.497,-0.738
-21.991,-7.627,-0.709
-21.985,-7.762,-0.680
-21.980,-7.861,-0.659
-21.989,-7.672,-0.700
37.167,-7.324,0.857
37.166,-7.303,0.853
37.177,-7.536,0.904
-17.841,-7.272,-3.664
-22.036,-10.469,1.718
-22.042,-10.350,1.693
-22.026,-10.661,1.760
-21.998,-7.479,-0.742
-22.008,-7.302,-0.779
-21.999,-7.469,-0.744
-21.982,-7.830,-0.665
-21.989,-7.672,-0.700
37.264,-6.783,0.771
37.159,-7.154,0.820
37.178,-7.536,0.904
37.168,-7.348,0.862
-21.995,-7.512,-0.736
-22.002,-7.407,-0.757
-21.992,-7.613,-0.713
-21.984,-7.774,-0.677
-21.981,-7.849,-0.661
-21.989,-7.672,-0.700
37.163,-7.237,0.838
37.166,-7.288,0.849
37.177,-7.524,0.901
-18.159,4.567,6.563
-22.353,1.370,11.945
-22.360,1.489,11.920
-22.341,1.112,12.001
-22.343,1.159,11.991
-22.343,1.152,11.992
-22.338,1.049,12.015
-22.348,1.254,11.970
36.808,1.627,13.521
36.817,1.437,13.563
36.805,1.683,13.509
36.820,1.373,13.577
-17.821,-3.615,-5.468
-22.014,-6.831,-0.083
-22.021,-6.704,-0.109
-22.014,-6.819,-0.085
-22.001,-7.113,-0.021
-22.003,-7.070,-0.030
37.249,-6.140,1.432
37.144,-6.513,1.481
37.154,-6.697,1.521
37.148,-6.608,1.501
-21.996,-5.671,-1.060
-22.002,-5.571,-1.080
-21.999,-5.641,-1.065
-21.984,-5.947,-0.998
-21.989,-5.841,-1.021
37.264,-4.956,0.451
37.160,-5.333,0.501
37.174,-5.644,0.568
-17.822,-3.582,-5.475
-22.000,-7.128,-0.018
-22.026,-6.606,-0.130
-22.013,-6.845,-0.079
-22.001,-7.098,-0.024
-22.003,-7.070,-0.030
37.250,-6.159,1.436
37.142,-6.468,1.471
37.154,-6.709,1.524
37.148,-6.608,1.501
-22.016,-6.745,-0.103
-22.023,-6.638,-0.125
-22.015,-6.797,-0.090
-22.006,-7.006,-0.044
-22.003,-7.070,-0.030
-22.009,-6.932,-0.060
37.142,-6.469,1.471
37.142,-6.473,1.472
37.155,-6.745,1.532
-17.824,-3.540,-5.484
-22.018,-6.754,-0.099
-22.027,-6.584,-0.135
-22.018,-6.744,-0.102
-22.002,-7.090,-0.026
-22.000,-7.126,-0.018
37.245,-6.057,1.414
37.140,-6.430,1.463
37.154,-6.709,1.524
37.148,-6.608,1.501
-22.351,1.352,11.946
-22.357,1.457,11.926
-22.361,1.505,11.916
-22.353,1.359,11.947
-22.354,1.379,11.943
-22.340,1.094,12.005
-22.341,1.116,12.000
36.909,2.066,13.458
36.804,1.695,13.507
36.817,1.434,13.564
36.816,1.477,13.554
36.809,1.579,13.532
-21.972,-6.487,-1.683
-21.979,-6.379,-1.705
-21.972,-6.526,-1.673
-21.976,-6.439,-1.692
-21.967,-6.637,-1.648
-22.002,-6.687,-1.597
37.183,-6.141,-0.124
37.191,-6.318,-0.085
-17.787,-3.147,-7.094
-21.979,-6.370,-1.707
-21.988,-6.222,-1.738
-21.970,-6.558,-1.666
-21.967,-6.637,-1.648
-21.975,-6.585,-1.654
37.182,-6.113,-0.130
37.182,-6.116,-0.129
37.229,-5.660,-0.211
-22.035,-10.436,1.709
-22.042,-10.334,1.688
-22.045,-10.299,1.682
-22.037,-10.429,1.709
-22.038,-10.409,1.705
-22.021,-10.765,1.783
-22.024,-10.722,1.773
37.225,-9.723,3.220
37.120,-10.096,3.269
37.132,-10.356,3.326
37.132,-10.334,3.322
37.127,-10.260,3.305
-21.966,-5.867,-2.180
-21.972,-5.772,-2.199
-21.969,-5.836,-2.185
-21.956,-6.101,-2.127
-21.965,-5.925,-2.165
37.193,-5.592,-0.605
37.198,-5.690,-0.583
37.192,-5.600,-0.604
-21.976,-6.411,-1.700
-21.982,-6.311,-1.720
-21.979,-6.381,-1.704
-21.964,-6.687,-1.637
-21.969,-6.581,-1.661
37.284,-5.696,-0.188
37.180,-6.073,-0.139
37.194,-6.384,-0.071
-17.799,-4.384,-6.101
-21.993,-7.598,-0.716
-22.002,-7.438,-0.749
-21.993,-7.585,-0.719
-21.981,-7.838,-0.663
-21.983,-7.810,-0.670
37.270,-6.902,0.797
37.165,-7.272,0.846
37.174,-7.449,0.885
37.168,-7.348,0.862
-21.995,-7.512,-0.736
-22.002,-7.407,-0.757
-21.992,-7.613,-0.713
-21.984,-7.774,-0.677
-21.981,-7.849,-0.661
-21.989,-7.672,-0.700
37.163,-7.237,0.838
37.166,-7.288,0.849
37.177,-7.524,0.901
-18.159,4.567,6.563
-22.353,1.370,11.945
-22.360,1.489,11.920
-22.344,1.177,11.987
-22.344,1.176,11.987
-22.343,1.152,11.992
-22.338,1.049,12.015
-22.348,1.254,11.970
36.808,1.627,13.521
36.814,1.502,13.549
36.805,1.683,13.509
36.820,1.373,13.577
-17.803,-2.486,-6.437
-21.995,-5.717,-1.049
-22.001,-5.630,-1.066
-21.986,-5.903,-1.008
-21.984,-5.956,-0.996
-21.990,-5.937,-0.995
37.166,-5.460,0.528
37.166,-5.461,0.528
37.250,-5.014,0.459
-22.026,-10.662,1.760
-22.025,-10.686,1.765
-22.020,-10.790,1.788
-22.030,-10.585,1.743
37.125,-10.212,3.295
37.131,-10.337,3.322
37.123,-10.155,3.282
37.137,-10.465,3.350
-17.805,-4.268,-6.126
-21.998,-7.479,-0.742
-22.008,-7.302,-0.779
-21.999,-7.469,-0.744
-21.982,-7.830,-0.665
-21.989,-7.672,-0.700
37.264,-6.783,0.771
37.159,-7.154,0.820
37.178,-7.536,0.904
37.168,-7.348,0.862
-21.996,-7.484,-0.743
-22.003,-7.378,-0.764
-21.996,-7.537,-0.729
-21.986,-7.746,-0.684
-21.983,-7.810,-0.670
-21.989,-7.672,-0.700
37.162,-7.209,0.832
37.162,-7.212,0.833
37.175,-7.485,0.892
-17.782,-3.236,-7.074
-21.975,-6.470,-1.685
-21.974,-6.482,-1.682
-21.968,-6.609,-1.655
-21.966,-6.645,-1.647
-21.973,-6.507,-1.677
37.186,-6.212,-0.108
37.191,-6.284,-0.092
37.184,-6.182,-0.115
-22.308,4.222,9.513
-22.315,4.328,9.492
-22.301,4.047,9.553
-22.302,4.065,9.549
-22.299,3.990,9.566
-22.307,4.166,9.527
36.850,4.498,11.088
36.856,4.372,11.115
36.859,4.315,11.128
-17.803,-2.477,-6.439
-21.995,-5.712,-1.050
-22.000,-5.636,-1.065
-21.989,-5.841,-1.021
-21.983,-5.976,-0.992
-21.993,-5.767,-1.038
37.166,-5.455,0.527
37.169,-5.516,0.541
37.164,-5.443,0.524
-21.996,-5.671,-1.060
-22.002,-5.571,-1.080
-21.999,-5.641,-1.065
-21.984,-5.947,-0.998
-21.989,-5.841,-1.021
37.264,-4.956,0.451
37.160,-5.333,0.501
37.174,-5.644,0.568
-17.819,-3.644,-5.462
-22.013,-6.858,-0.077
-22.021,-6.698,-0.110
-22.013,-6.845,-0.079
-22.001,-7.098,-0.024
-22.003,-7.070,-0.030
37.250,-6.162,1.437
37.145,-6.532,1.485
37.154,-6.709,1.524
37.148,-6.608,1.501
-22.015,-6.772,-0.097
-22.022,-6.667,-0.118
-22.012,-6.873,-0.073
-22.004,-7.034,-0.038
-22.001,-7.109,-0.022
-22.009,-6.932,-0.060
37.143,-6.497,1.477
37.146,-6.548,1.489
37.157,-6.784,1.540
-17.787,-3.147,-7.094
-21.979,-6.370,-1.707
-21.988,-6.222,-1.738
-21.970,-6.558,-1.666
-21.967,-6.637,-1.648
-21.975,-6.585,-1.654
37.182,-6.113,-0.130
37.182,-6.116,-0.129
37.229,-5.660,-0.211
-21.966,-5.867,-2.180
-21.972,-5.772,-2.199
-21.969,-5.836,-2.185
-21.956,-6.101,-2.127
-21.965,-5.925,-2.165
37.193,-5.592,-0.605
37.198,-5.690,-0.583
37.192,-5.600,-0.604
-21.995,-7.512,-0.736
-22.002,-7.407,-0.757
-21.992,-7.613,-0.713
-21.984,-7.774,-0.677
-21.981,-7.849,-0.661
-21.989,-7.672,-0.700
37.163,-7.237,0.838
37.166,-7.288,0.849
37.177,-7.524,0.901
-17.782,-3.236,-7.074
-21.975,-6.470,-1.685
-21.974,-6.482,-1.682
-21.968,-6.609,-1.655
-21.966,-6.645,-1.647
-21.973,-6.507,-1.677
37.186,-6.212,-0.108
37.191,-6.284,-0.092
37.184,-6.182,-0.115
-22.351,1.352,11.946
-22.357,1.457,11.925
-22.361,1.510,11.915
-22.353,1.359,11.947
-22.354,1.379,11.943
-22.340,1.094,12.005
-22.341,1.116,12.000
36.909,2.066,13.458
36.804,1.695,13.506
36.817,1.434,13.564
36.816,1.477,13.554
36.809,1.579,13.532
-22.033,-10.487,1.720
-22.040,-10.381,1.699
-22.043,-10.329,1.689
-22.035,-10.480,1.720
-22.036,-10.460,1.716
-22.022,-10.744,1.778
-22.024,-10.722,1.773
37.227,-9.773,3.231
37.122,-10.144,3.280
37.135,-10.405,3.337
37.133,-10.362,3.328
37.127,-10.260,3.305
-21.996,-7.484,-0.743
-22.003,-7.378,-0.764
-21.996,-7.537,-0.729
-21.986,-7.746,-0.684
-21.983,-7.810,-0.670
-21.989,-7.672,-0.700
37.162,-7.209,0.832
37.162,-7.212,0.833
37.175,-7.485,0.892
-17.782,-3.236,-7.074
-21.975,-6.470,-1.685
-21.974,-6.482,-1.682
-21.968,-6.609,-1.655
-21.966,-6.645,-1.647
-21.973,-6.507,-1.677
37.186,-6.212,-0.108
37.191,-6.284,-0.092
37.184,-6.182,-0.115
-22.351,1.352,11.946
-22.357,1.457,11.925
-22.361,1.510,11.915
-22.353,1.359,11.947
-22.354,1.379,11.943
-22.340,1.094,12.005
-22.341,1.116,12.000
36.909,2.066,13.458
36.804,1.695,13.506
36.817,1.434,13.564
36.816,1.477,13.554
36.809,1.579,13.532
-18.000,16.921,-3.716
-17.678,5.886,-14.486
-17.658,3.955,-13.342
37.350,1.290,-6.430
-17.673,3.525,-12.887
-21.999,-5.630,-1.068
-22.008,-5.482,-1.099
-21.990,-5.818,-1.026
-21.987,-5.897,-1.009
-21.995,-5.845,-1.015
37.162,-5.373,0.509
37.162,-5.376,0.510
37.209,-4.920,0.428
-22.053,-9.747,2.359
-22.060,-9.642,2.338
-22.063,-9.589,2.328
-22.055,-9.740,2.359
-22.056,-9.720,2.355
-22.042,-10.004,2.417
-22.043,-9.983,2.412
37.207,-9.033,3.870
37.102,-9.404,3.919
37.115,-9.665,3.976
37.114,-9.622,3.967
37.107,-9.520,3.944
-21.986,-5.127,-1.541
-21.992,-5.032,-1.559
-21.989,-5.096,-1.546
-21.976,-5.361,-1.488
-21.985,-5.185,-1.526
37.173,-4.852,0.034
37.178,-4.950,0.056
37.172,-4.860,0.036
9.855,-2.579,-6.539
-22.024,-6.624,-0.128
-22.016,-6.783,-0.093
-22.000,-7.121,-0.019
-22.000,-7.134,-0.016
-22.009,-6.932,-0.060
37.142,-6.460,1.469
37.142,-6.459,1.469
37.158,-6.809,1.546
-17.825,-3.517,-5.489
-22.019,-6.726,-0.106
-22.029,-6.543,-0.144
-22.019,-6.716,-0.108
-22.006,-6.996,-0.046
-22.009,-6.932,-0.060
37.244,-6.030,1.408
37.139,-6.400,1.456
37.153,-6.681,1.518
37.148,-6.608,1.501
-21.992,-5.748,-1.044
-22.000,-5.641,-1.064
-21.995,-5.715,-1.049
-21.987,-5.897,-1.009
-21.985,-5.933,-1.001
37.268,-5.033,0.467
37.164,-5.417,0.519
37.171,-5.580,0.555
-18.159,4.564,6.564
-22.353,1.370,11.945
-22.360,1.493,11.919
-22.344,1.177,11.987
-22.344,1.176,11.987
-22.343,1.152,11.992
-22.338,1.049,12.015
-22.348,1.254,11.970
36.808,1.627,13.521
36.814,1.502,13.549
36.805,1.683,13.509
36.820,1.373,13.577
-18.117,7.455,4.126
-22.310,4.241,9.511
-22.319,4.401,9.477
-22.311,4.253,9.508
-22.299,4.001,9.563
-22.300,4.029,9.557
36.952,4.937,11.024
36.847,4.566,11.073
36.856,4.389,11.112
36.850,4.491,11.089
-21.972,-6.487,-1.683
-21.979,-6.379,-1.705
-21.972,-6.526,-1.673
-21.976,-6.439,-1.692
-21.967,-6.637,-1.648
-22.002,-6.687,-1.597
37.183,-6.141,-0.124
37.191,-6.318,-0.085
-17.783,-3.217,-7.078
-21.975,-6.452,-1.689
-21.980,-6.376,-1.704
-21.969,-6.581,-1.661
-21.963,-6.716,-1.631
-21.973,-6.507,-1.677
37.185,-6.195,-0.112
37.189,-6.256,-0.098
37.184,-6.182,-0.115
-22.033,-10.487,1.720
-22.040,-10.381,1.699
-22.043,-10.329,1.689
-22.035,-10.480,1.720
-22.036,-10.460,1.716
-22.022,-10.744,1.778
-22.024,-10.722,1.773
37.227,-9.773,3.231
37.122,-10.144,3.280
37.135,-10.405,3.337
37.133,-10.362,3.328
37.127,-10.260,3.305
-21.976,-6.411,-1.700
-21.982,-6.311,-1.720
-21.979,-6.381,-1.704
-21.964,-6.687,-1.637
-21.969,-6.581,-1.661
37.284,-5.696,-0.188
37.180,-6.073,-0.139
37.194,-6.384,-0.071
-17.799,-4.384,-6.101
-21.993,-7.598,-0.716
-22.002,-7.438,-0.749
-21.993,-7.585,-0.719
-21.981,-7.838,-0.663
-21.983,-7.810,-0.670
37.270,-6.902,0.797
37.165,-7.272,0.846
37.174,-7.449,0.885
37.168,-7.348,0.862
-21.996,-7.498,-0.740
-22.002,-7.392,-0.761
-21.995,-7.550,-0.726
-21.980,-7.861,-0.659
-21.980,-7.874,-0.656
-21.989,-7.672,-0.700
37.163,-7.222,0.835
37.163,-7.226,0.836
37.178,-7.549,0.906
-17.807,-4.216,-6.138
-21.995,-7.558,-0.725
-22.012,-7.229,-0.795
-21.999,-7.456,-0.747
-21.986,-7.736,-0.686
-21.989,-7.672,-0.700
37.264,-6.768,0.768
37.158,-7.130,0.815
37.173,-7.421,0.879
37.168,-7.348,0.862
-22.308,4.222,9.513
-22.315,4.328,9.492
-22.301,4.047,9.553
-22.302,4.065,9.549
-22.299,3.990,9.566
-22.307,4.166,9.527
36.850,4.498,11.088
36.856,4.372,11.115
36.859,4.315,11.128
-17.799,-4.384,-6.101
-21.993,-7.598,-0.716
-22.002,-7.438,-0.749
-21.993,-7.585,-0.719
-21.981,-7.838,-0.663
-21.983,-7.810,-0.670
37.270,-6.902,0.797
37.165,-7.272,0.846
37.174,-7.449,0.885
37.168,-7.348,0.862
-21.996,-7.498,-0.740
-22.002,-7.392,-0.761
-21.995,-7.550,-0.726
-21.980,-7.861,-0.659
-21.980,-7.874,-0.656
-21.989,-7.672,-0.700
37.163,-7.222,0.835
37.163,-7.226,0.836
37.178,-7.549,0.906
-17.805,-4.262,-6.128
-21.998,-7.481,-0.742
-22.008,-7.299,-0.780
10.022,4.265,-13.892
37.434,0.840,-5.944
-17.647,5.223,-14.342
-17.688,3.840,-12.956
37.435,1.015,-5.980
37.429,1.153,-6.010
10.025,4.212,-13.880
37.468,0.783,-5.923
-17.927,15.320,-6.137
-17.952,16.155,-5.519
0.940,7.935,-18.159
0.843,11.261,-15.682
0.709,16.334,-11.185
0.501,23.179,-4.311
27.731,18.940,3.756
37.278,4.906,-5.544
9.926,7.894,-10.680
37.324,4.471,-2.737
-17.746,8.921,-11.146
-17.754,6.192,-11.067
37.369,3.367,-4.091
37.363,3.505,-4.121
9.943,6.899,-12.065
37.307,3.480,-4.131
-17.735,5.781,-10.977
37.411,2.954,-3.995
37.404,3.092,-4.025
9.941,6.944,-12.074
37.268,3.531,-4.152
-18.016,18.464,-3.621
-18.169,24.266,1.518
0.618,19.860,-7.951
-17.658,3.955,-13.342
37.350,1.290,-6.430
-17.673,3.517,-12.885
37.441,0.694,-5.912
37.435,0.832,-5.942
10.007,4.583,-13.961
37.429,1.148,-6.009
-17.688,3.828,-12.953
37.440,1.003,-5.976
37.434,1.140,-6.006
10.024,5.727,-14.934
-17.671,4.987,-13.929
37.371,2.416,-7.027
36.717,22.466,11.352
36.711,22.604,11.322
9.990,7.410,-14.863
-17.781,9.535,-11.273
-17.782,9.544,-11.275
-17.864,12.553,-8.729
-17.959,16.162,-5.513
9.432,28.550,3.743
9.408,28.306,4.157
-18.292,26.959,5.657
9.391,27.898,4.608
-18.291,26.190,6.186
9.391,27.204,5.121
9.404,26.869,5.194
10.003,6.417,-15.081
-17.678,5.886,-14.486
-17.658,3.955,-13.342
37.350,1.290,-6.430
-17.646,5.203,-14.337
-17.686,3.793,-12.945
37.442,0.968,-5.968
37.435,1.106,-5.998
9.783,14.990,-8.511
9.728,17.113,-6.572
-17.920,14.709,-6.797
-21.890,1.841,-7.395
28.135,3.255,-8.472
37.336,1.893,-5.761
37.330,2.030,-5.791
9.994,5.505,-12.561
37.392,2.080,-4.617
-17.749,6.399,-10.312
37.396,3.573,-3.330
37.390,3.710,-3.360
9.928,7.543,-11.404
37.255,4.129,-3.482
0.723,15.717,-11.851
0.613,19.974,-7.976
0.518,23.583,-4.761
0.515,23.642,-4.774
0.816,10.648,-14.025
-30.446,-0.330,5.679
-17.658,3.955,-13.342
37.350,1.290,-6.430
-17.670,3.455,-12.872
37.430,0.635,-5.903
37.423,0.772,-5.933
37.249,3.389,-6.833
9.945,6.850,-12.054
37.367,3.416,-4.102
-17.745,6.008,-11.027
37.383,3.183,-4.050
37.376,3.320,-4.080
9.965,7.946,-13.016
-17.729,5.665,-10.952
37.416,2.838,-3.970
37.409,2.976,-4.000
9.446,27.553,2.358
-17.696,6.449,-13.802
-17.683,5.860,-14.474
-18.096,21.316,-1.033
-18.170,18.457,2.570
-22.352,15.309,7.925
-30.782,9.899,18.468
36.723,15.926,9.403
9.399,28.502,4.115
-17.705,6.769,-13.879
-17.678,4.695,-12.703
37.330,2.030,-5.791
-17.686,4.117,-12.215
37.414,1.296,-5.247
37.407,1.434,-5.277
37.228,4.150,-6.199
9.965,7.946,-13.016
-17.737,5.828,-10.988
37.408,3.001,-4.005
37.402,3.138,-4.036
9.397,29.242,3.591
-17.826,11.115,-10.016
-17.826,11.121,-10.017
-17.957,16.137,-5.508
-17.966,16.308,-5.545
-17.754,8.634,-11.877
-17.758,8.710,-11.893
-22.199,14.754,1.071
-17.968,12.513,-3.723
-22.169,9.332,1.662
27.855,10.747,0.585
-17.649,5.265,-14.351
-18.273,28.074,4.690
-17.658,3.955,-13.342
37.350,1.290,-6.430
-17.692,4.227,-12.240
37.423,1.404,-5.266
37.416,1.542,-5.296
10.009,4.855,-13.220
37.407,1.432,-5.276
-17.746,6.028,-11.031
37.320,3.212,-4.072
37.313,3.350,-4.102
9.969,6.360,-11.947
37.412,2.931,-3.990
-17.747,6.047,-11.035
37.282,3.236,-4.087
37.275,3.373,-4.117
9.846,12.386,-9.181
-17.998,17.775,-4.271
-17.995,17.698,-4.254
0.812,12.556,-14.364
0.855,11.015,-15.629
-17.648,5.257,-14.349
-17.658,3.955,-13.342
37.350,1.290,-6.430
-17.672,3.501,-12.882
37.442,0.679,-5.909
37.436,0.816,-5.939
10.028,4.143,-13.865
37.426,0.720,-5.921
-17.646,5.217,-14.340
-17.705,4.503,-12.300
37.362,1.687,-5.341
37.355,1.824,-5.371
9.845,12.393,-9.183
-17.862,10.390,-7.179
37.266,7.565,-0.202
37.260,7.703,-0.232
9.651,17.881,-2.452
36.978,14.467,5.471
-18.256,27.716,4.769
-21.998,-7.484,-0.741
-21.982,-7.830,-0.665
-21.980,-7.866,-0.657
37.265,-6.797,0.774
37.159,-7.150,0.819
37.174,-7.449,0.885
37.168,-7.348,0.862
-22.308,4.222,9.513
-22.315,4.328,9.492
-22.301,4.047,9.553
-22.302,4.065,9.549
-22.299,3.990,9.566
-22.307,4.166,9.527
36.850,4.498,11.088
36.856,4.372,11.115
36.859,4.315,11.128
0.930,7.401,-17.681
-34.616,-6.913,7.539
37.336,2.724,-7.470
10.028,4.134,-13.863
37.426,0.711,-5.920
-17.679,5.148,-13.964
37.364,2.577,-7.062
10.007,4.581,-13.961
37.433,1.146,-6.007
-17.671,4.987,-13.929
37.384,2.414,-7.023
10.024,5.727,-14.934
-17.691,3.890,-12.967
37.338,1.079,-6.018
37.332,1.216,-6.048
9.789,14.105,-7.956
-17.920,15.167,-6.104
0.749,14.858,-12.464
-17.741,8.173,-12.584
-17.718,6.175,-11.425
37.290,3.510,-4.512
-17.731,5.710,-10.962
37.383,2.887,-3.989
37.377,3.025,-4.019
9.943,6.895,-12.064
37.369,3.460,-4.110
-17.731,7.207,-12.011
37.311,4.636,-5.109
9.558,23.270,-1.511
9.524,24.623,-0.205
-17.750,7.470,-12.062
0.326,29.757,1.459
27.562,25.410,9.550
-18.012,17.181,-3.773
0.571,21.509,-6.710
0.326,30.520,0.931
-17.647,5.230,-14.343
-17.678,5.886,-14.486
-17.666,3.376,-12.854
37.434,0.556,-5.886
37.427,0.693,-5.916
37.267,2.681,-7.479
10.025,4.209,-13.879
37.468,0.779,-5.923
-17.690,3.878,-12.964
37.339,1.066,-6.016
37.333,1.204,-6.046
9.427,27.309,2.774
-18.236,26.650,3.400
-17.679,6.237,-13.763
-17.691,6.479,-13.815
0.591,20.757,-7.346
0.658,18.388,-9.231
0.600,19.496,-7.510
27.826,15.345,0.538
-18.003,17.733,-4.255
9.425,28.691,3.712
9.401,28.442,4.128
-17.648,5.254,-14.349
-17.672,3.501,-12.882
37.442,0.679,-5.909
37.436,0.816,-5.939
10.029,4.119,-13.860
37.427,0.696,-5.916
-17.688,3.827,-12.953
37.379,1.011,-5.994
37.372,1.148,-6.024
10.010,4.533,-13.950
37.431,1.098,-5.998
-17.671,4.987,-13.929
37.371,2.416,-7.027
10.027,4.170,-13.871
37.470,0.741,-5.914
-17.688,3.842,-12.956
37.341,1.031,-6.008
37.334,1.169,-6.038
9.815,13.670,-9.824
9.787,14.900,-8.491
-18.200,25.110,2.142
37.319,3.414,-6.820
0.907,8.950,-17.580
10.004,4.975,-13.246
37.416,1.550,-5.298
-17.685,6.677,-13.058
-17.766,6.756,-10.390
37.358,3.932,-3.414
37.351,4.070,-3.444
9.929,7.513,-11.398
37.355,4.078,-3.444
-17.766,6.763,-10.391
37.300,3.947,-3.432
37.294,4.085,-3.462
9.945,8.686,-12.377
-17.978,17.341,-4.176
0.790,13.355,-13.737
-17.650,5.288,-14.356
-17.678,5.885,-14.486
-17.672,3.492,-12.880
37.443,0.669,-5.907
37.436,0.807,-5.937
1.091,7.410,-17.640
-17.742,6.693,-11.538
37.210,4.035,-4.642
-17.729,7.178,-12.005
37.325,4.605,-5.099
9.948,6.796,-12.042
37.275,3.383,-4.119
-18.000,17.061,-3.754
-34.806,5.074,17.588
9.530,24.507,-0.180
-18.019,18.408,-3.601
-18.046,19.280,-2.991
-18.092,21.218,-1.012
-18.022,18.469,-3.615
9.435,28.499,3.754
9.405,28.372,4.143
-18.253,27.651,4.783
-18.295,27.025,5.642
9.389,27.960,4.594
-18.295,26.259,6.171
9.388,27.277,5.105
9.401,26.942,5.178
37.318,3.436,-6.825
10.002,5.011,-13.254
37.414,1.586,-5.306
-17.753,6.176,-11.064
37.370,3.352,-4.088
37.364,3.489,-4.118
9.945,6.858,-12.056
37.371,3.423,-4.102
-17.749,6.081,-11.043
37.280,3.270,-4.095
37.274,3.408,-4.125
9.548,23.804,-0.827
9.535,24.399,-0.156
-17.766,8.886,-11.932
9.682,18.737,-5.326
-18.119,18.259,1.428
-22.329,15.267,6.772
27.695,16.681,5.695
-17.686,6.690,-13.061
-17.745,6.007,-11.027
37.383,3.182,-4.050
37.376,3.320,-4.080
9.991,5.243,-13.304
37.413,1.808,-5.352
-17.967,17.118,-4.127
-17.991,17.629,-4.239
0.859,10.613,-16.342
-17.725,5.263,-11.665
37.398,2.438,-4.689
37.392,2.576,-4.719
9.836,13.291,-9.741
9.825,11.626,-7.492
37.269,8.196,0.465
