0.391,0.916,-0.087
-0.916,0.365,-0.167
-0.914,0.370,-0.168
-0.897,0.101,0.431
-0.941,0.180,-0.286
0.025,0.972,-0.235
0.444,0.889,-0.107
0.038,0.858,-0.513
0.544,0.762,-0.353
0.963,0.267,0.041
-0.929,0.077,-0.363
0.049,0.371,-0.927
0.535,0.292,-0.793
0.049,0.373,-0.927
-0.956,-0.199,0.217
0.049,0.373,-0.926
0.030,0.932,-0.362
0.472,0.852,-0.228
-0.932,0.008,0.362
-0.909,0.413,-0.063
-0.752,0.621,-0.220
0.018,0.996,-0.092
0.378,0.926,0.017
-0.863,0.166,0.478
0.956,0.293,0.027
-0.648,0.693,0.316
0.810,0.515,0.281
-0.929,0.077,-0.363
0.050,0.366,-0.929
0.537,0.285,-0.794
-0.912,0.059,0.406
-0.941,0.179,-0.286
0.013,0.999,0.046
-0.680,0.666,0.308
0.833,0.482,0.271
-0.841,0.075,-0.535
-0.841,0.079,-0.535
-0.837,0.098,-0.538
0.992,-0.022,-0.120
-0.870,0.185,-0.458
-0.869,0.190,-0.458
-0.863,0.208,-0.460
0.997,0.037,-0.070
-0.841,0.075,-0.535
-0.841,0.079,-0.535
-0.837,0.098,-0.538
0.992,-0.022,-0.120
-0.852,0.111,-0.511
-0.852,0.116,-0.511
-0.848,0.134,-0.513
0.995,-0.003,-0.104
-0.829,0.101,-0.550
-0.828,0.105,-0.550
0.991,0.004,-0.136
0.066,0.140,-0.988
-0.883,-0.046,-0.468
-0.970,-0.163,-0.181
-0.937,-0.285,0.200
-0.938,-0.283,0.200
0.993,-0.093,-0.068
0.060,0.239,-0.969
-0.850,0.049,-0.524
-0.966,-0.086,-0.245
-0.959,-0.237,0.158
0.993,-0.040,-0.108
-0.929,0.073,-0.363
0.051,0.370,-0.928
-0.989,-0.129,0.069
-0.812,0.133,-0.569
-0.952,-0.011,-0.305
0.989,0.009,-0.147
-0.812,0.130,-0.569
-0.952,-0.016,-0.304
0.989,0.008,-0.147
-0.882,0.470,0.033
-0.921,0.182,0.346
-0.687,0.703,0.183
-0.773,0.526,0.354
-0.801,0.262,0.539
-0.801,0.256,0.541
0.879,0.386,0.280
-0.837,0.236,-0.493
-0.971,0.082,-0.225
0.993,0.066,-0.096
-0.837,0.235,-0.493
-0.971,0.079,-0.224
0.993,0.065,-0.096
-0.880,0.162,-0.446
-0.987,0.009,-0.163
-0.961,-0.166,0.219
0.998,0.020,-0.057
-0.758,0.276,-0.591
-0.919,0.386,-0.075
-0.925,0.005,0.379
-0.965,0.217,-0.146
-0.933,-0.112,0.342
0.989,0.137,-0.046
-0.905,0.421,-0.065
0.962,0.273,0.000
0.581,0.406,-0.706
0.990,0.093,-0.110
0.339,0.940,0.037
-0.759,0.624,0.186
0.880,0.443,0.168
0.490,0.817,-0.303
0.021,0.993,-0.120
0.390,0.921,-0.008
-0.783,0.605,0.144
0.012,0.998,0.067
0.318,0.935,0.158
0.019,0.993,-0.121
0.874,0.450,0.184
-0.941,0.179,-0.286
0.020,0.991,-0.135
0.404,0.915,-0.019
0.019,0.994,-0.104
0.395,0.919,0.010
0.013,0.999,0.047
-0.682,0.663,0.310
0.832,0.485,0.270
0.018,0.999,-0.029
0.376,0.923,0.078
0.048,0.379,-0.924
0.532,0.301,-0.791
-0.927,0.087,-0.365
0.021,0.988,-0.150
0.402,0.915,-0.035
-0.679,0.672,0.296
0.829,0.496,0.258
-0.915,0.393,-0.092
0.036,0.850,-0.526
0.516,0.767,-0.382
-0.919,0.046,0.391
0.949,0.314,0.042
-0.738,0.645,0.198
0.013,1.000,0.008
0.334,0.937,0.104
0.030,0.936,-0.350
0.480,0.851,-0.211
0.011,0.998,0.069
0.320,0.934,0.160
0.980,0.090,-0.180
-0.720,0.646,0.252
0.859,0.460,0.223
-0.706,0.656,0.267
-0.790,0.267,0.552
-0.942,0.177,-0.286
0.047,0.512,-0.858
0.550,0.430,-0.716
0.886,0.434,0.163
-0.811,0.567,0.147
-0.856,0.161,0.491
-0.841,0.075,-0.535
-0.841,0.079,-0.535
-0.837,0.098,-0.538
0.992,-0.022,-0.120
-0.839,0.137,-0.526
-0.838,0.141,-0.526
0.993,0.024,-0.120
-0.827,0.106,-0.552
-0.830,0.097,-0.550
-0.824,0.123,-0.552
0.991,-0.007,-0.133
-0.829,0.101,-0.550
-0.828,0.105,-0.550
0.991,0.004,-0.136
0.066,0.141,-0.988
-0.882,-0.029,-0.471
-0.970,-0.162,-0.182
-0.938,-0.285,0.200
-0.937,-0.286,0.200
0.994,-0.084,-0.070
0.054,0.320,-0.946
-0.952,-0.003,-0.307
-0.978,-0.177,0.112
0.051,0.371,-0.927
-0.989,-0.128,0.067
-0.866,0.490,-0.102
-0.940,0.313,0.134
-0.911,0.063,0.407
-0.911,0.057,0.409
0.971,0.205,0.124
-0.736,0.675,0.055
-0.835,0.242,-0.494
-0.971,0.082,-0.225
0.993,0.069,-0.097
-0.944,0.167,-0.284
0.049,0.508,-0.860
-0.990,-0.056,0.131
-0.835,0.483,-0.264
-0.949,0.314,-0.013
-0.946,0.031,0.324
0.041,0.932,-0.360
-0.843,0.532,-0.074
-0.903,0.076,0.424
-0.903,0.081,0.423
0.963,0.230,0.138
0.054,0.567,-0.822
-0.974,0.149,-0.169
-0.974,-0.066,0.216
0.055,0.309,-0.950
-0.952,-0.013,-0.305
-0.976,-0.184,0.114
0.054,0.323,-0.945
-0.946,0.006,-0.323
0.987,0.017,-0.158
-0.813,0.128,-0.569
-0.952,-0.013,-0.305
0.989,0.006,-0.146
-0.977,0.053,0.207
0.035,0.881,-0.471
-0.930,0.168,0.328
0.043,0.909,-0.415
-0.858,0.503,-0.105
-0.939,0.317,0.133
-0.911,0.062,0.407
0.970,0.208,0.123
0.039,0.863,-0.503
-0.924,0.383,0.022
-0.934,0.115,0.338
0.021,0.998,-0.059
-0.696,0.711,0.098
-0.826,0.271,0.494
0.893,0.386,0.229
0.049,0.391,-0.919
-0.992,-0.112,0.065
-0.764,0.639,-0.095
-0.896,0.196,0.399
0.940,0.319,0.118
-0.948,0.260,-0.185
-0.979,0.013,0.203
-0.861,0.507,0.039
0.022,0.998,-0.056
-0.703,0.704,0.101
-0.827,0.259,0.498
0.895,0.381,0.231
0.023,0.993,-0.112
-0.808,0.534,0.250
-0.839,0.268,0.473
0.903,0.376,0.206
-0.667,0.740,0.083
-0.765,0.589,0.260
0.880,0.421,0.219
-0.933,0.121,-0.340
0.046,0.608,-0.792
-0.983,-0.008,0.183
0.033,0.945,-0.325
-0.877,0.464,0.125
-0.897,0.185,0.402
-0.912,-0.138,-0.387
-0.962,-0.256,-0.095
-0.963,-0.252,-0.096
-0.960,-0.263,-0.094
-0.960,-0.262,-0.094
0.990,-0.138,-0.017
0.989,-0.147,-0.016
0.988,-0.153,-0.015
-0.917,-0.162,-0.366
-0.958,-0.278,-0.074
-0.959,-0.271,-0.076
-0.956,-0.285,-0.072
-0.955,-0.288,-0.072
-0.955,-0.286,-0.072
0.987,-0.162,-0.003
0.987,-0.162,-0.003
0.989,-0.150,-0.006
-0.955,-0.288,-0.072
-0.958,-0.278,-0.074
-0.957,-0.280,-0.074
-0.954,-0.290,-0.071
-0.955,-0.289,-0.072
0.988,-0.153,-0.005
0.987,-0.163,-0.003
0.986,-0.169,-0.002
-0.910,-0.371,-0.187
-0.901,-0.428,0.070
-0.903,-0.424,0.069
-0.898,-0.435,0.072
-0.898,-0.435,0.072
-0.897,-0.435,0.072
-0.896,-0.439,0.073
-0.899,-0.432,0.071
0.961,-0.264,0.085
0.960,-0.267,0.086
0.961,-0.263,0.085
0.959,-0.270,0.086
-0.921,-0.227,-0.316
-0.945,-0.326,-0.031
-0.947,-0.320,-0.032
-0.945,-0.326,-0.031
-0.942,-0.336,-0.028
-0.942,-0.335,-0.029
0.983,-0.182,0.021
0.981,-0.192,0.022
0.980,-0.196,0.023
0.981,-0.194,0.023
-0.946,-0.322,-0.032
-0.948,-0.318,-0.033
-0.946,-0.324,-0.031
-0.943,-0.332,-0.029
-0.942,-0.335,-0.029
-0.944,-0.329,-0.030
0.981,-0.190,0.022
0.981,-0.190,0.022
0.980,-0.197,0.024
-0.922,-0.222,-0.317
-0.946,-0.322,-0.032
-0.948,-0.316,-0.033
-0.946,-0.322,-0.032
-0.942,-0.335,-0.028
-0.941,-0.337,-0.028
0.984,-0.179,0.020
0.982,-0.189,0.022
0.980,-0.196,0.023
0.981,-0.194,0.023
-0.881,0.053,0.471
-0.881,0.057,0.470
-0.881,0.059,0.469
-0.881,0.054,0.471
-0.881,0.054,0.471
-0.880,0.043,0.473
-0.880,0.044,0.473
0.938,0.053,0.342
0.938,0.043,0.344
0.938,0.037,0.345
0.938,0.038,0.345
0.938,0.040,0.345
-0.906,0.172,0.386
-0.906,0.176,0.385
-0.907,0.165,0.388
-0.907,0.165,0.388
-0.907,0.162,0.389
-0.906,0.169,0.387
0.951,0.116,0.286
0.951,0.113,0.287
0.951,0.111,0.287
-0.953,-0.025,-0.301
-0.987,-0.163,-0.012
-0.987,-0.158,-0.013
-0.985,-0.170,-0.010
-0.986,-0.169,-0.010
0.996,-0.080,0.034
0.995,-0.089,0.035
0.995,-0.095,0.036
-0.959,-0.054,-0.277
-0.982,-0.189,0.010
-0.983,-0.185,0.009
-0.980,-0.197,0.012
-0.980,-0.199,0.013
-0.980,-0.198,0.013
0.993,-0.106,0.048
0.993,-0.106,0.048
0.994,-0.094,0.046
-0.981,-0.196,0.012
-0.983,-0.185,0.009
-0.982,-0.188,0.010
-0.980,-0.199,0.012
-0.732,0.680,0.053
-0.849,0.230,0.476
0.914,0.349,0.204
0.016,1.000,-0.013
-0.731,0.619,0.287
-0.794,0.349,0.498
0.054,0.467,-0.883
-0.970,0.087,-0.226
-0.978,-0.111,0.175
0.052,0.483,-0.874
-0.963,0.114,-0.246
0.991,0.082,-0.109
-0.834,0.246,-0.494
-0.970,0.086,-0.225
0.993,0.072,-0.097
-0.946,0.159,-0.283
0.043,0.695,-0.718
-0.977,0.052,0.208
-0.843,0.538,-0.021
-0.915,0.350,0.201
-0.889,0.077,0.451
-0.890,0.088,0.448
0.958,0.233,0.167
0.017,0.999,0.051
-0.746,0.572,0.342
-0.791,0.294,0.536
-0.790,0.301,0.533
0.866,0.416,0.279
-0.872,0.126,-0.474
-0.981,-0.025,-0.191
-0.961,-0.190,0.199
0.997,0.000,-0.075
0.055,0.310,-0.949
-0.952,-0.012,-0.305
-0.976,-0.184,0.114
0.050,0.381,-0.923
-0.991,-0.120,0.066
-0.930,0.064,-0.361
0.051,0.371,-0.927
-0.989,-0.128,0.067
-0.946,0.174,-0.273
-0.945,0.181,-0.274
-1.000,0.023,0.007
-0.933,-0.152,0.327
-0.930,-0.165,0.330
0.999,0.024,0.045
0.027,0.962,-0.271
-0.877,0.268,0.398
0.027,0.986,-0.165
-0.744,0.668,0.026
-0.860,0.211,0.464
0.922,0.339,0.189
0.040,0.933,-0.359
-0.844,0.531,-0.074
-0.924,0.348,0.156
-0.903,0.086,0.422
0.963,0.233,0.137
0.035,0.966,-0.256
-0.816,0.578,-0.012
-0.895,0.398,0.202
-0.884,0.129,0.449
0.949,0.265,0.169
0.033,0.897,-0.440
-0.921,0.205,0.330
-0.817,0.565,-0.115
-0.913,0.390,0.115
-0.910,0.121,0.396
0.960,0.257,0.112
-0.747,0.632,0.206
-0.747,0.632,0.207
-0.809,0.453,0.373
-0.813,0.188,0.551
-0.814,0.180,0.553
0.903,0.314,0.293
0.020,1.000,-0.005
-0.696,0.704,0.143
-0.778,0.544,0.313
-0.814,0.261,0.519
0.888,0.383,0.256
-0.796,0.594,0.118
-0.791,0.601,0.114
-0.858,0.412,0.307
-0.848,0.142,0.511
0.930,0.277,0.241
0.929,0.283,0.239
-0.643,0.755,0.128
-0.739,0.605,0.295
0.863,0.441,0.246
-0.976,0.122,-0.182
-0.974,-0.093,0.209
-0.974,-0.090,0.207
0.026,0.979,-0.202
-0.827,0.530,0.187
-0.864,0.249,0.438
0.023,0.991,-0.131
-0.796,0.562,0.225
-0.841,0.283,0.461
0.021,0.999,0.046
-0.713,0.677,0.184
-0.788,0.504,0.353
-0.809,0.232,0.540
0.891,0.357,0.280
0.891,0.357,0.281
-0.632,0.758,0.161
-0.724,0.609,0.323
-0.784,0.332,0.524
0.049,0.470,-0.881
-0.989,-0.082,0.121
0.029,0.933,-0.359
-0.900,0.249,0.358
-0.646,0.658,0.387
-0.642,0.665,0.382
-0.703,0.498,0.507
-0.733,0.245,0.635
-0.732,0.248,0.634
-0.733,0.238,0.637
0.835,0.371,0.408
0.836,0.367,0.409
-0.853,0.347,-0.390
-0.976,0.180,-0.124
-0.967,-0.054,0.249
0.040,0.926,-0.376
-0.837,0.539,-0.093
-0.922,0.362,0.138
-0.907,0.092,0.412
0.963,0.236,0.127
-0.845,0.343,0.411
-0.966,0.233,-0.115
-0.967,-0.006,0.253
0.988,0.149,-0.028
-0.917,0.398,0.003
0.929,0.367,-0.033
-0.916,-0.166,-0.365
-0.957,-0.281,-0.073
-0.958,-0.278,-0.074
-0.955,-0.289,-0.072
-0.954,-0.291,-0.071
-0.954,-0.290,-0.071
0.986,-0.164,-0.003
0.986,-0.164,-0.003
0.988,-0.153,-0.005
-0.945,-0.326,-0.031
-0.946,-0.322,-0.032
-0.944,-0.329,-0.030
-0.943,-0.333,-0.029
-0.941,-0.337,-0.028
-0.944,-0.329,-0.030
0.981,-0.193,0.023
0.981,-0.193,0.023
0.980,-0.199,0.024
-0.911,-0.366,-0.188
-0.901,-0.427,0.070
-0.903,-0.423,0.069
-0.900,-0.431,0.071
-0.899,-0.432,0.071
-0.898,-0.434,0.072
-0.896,-0.438,0.072
-0.899,-0.432,0.071
0.961,-0.264,0.085
0.961,-0.265,0.085
0.962,-0.261,0.085
0.959,-0.270,0.086
-0.912,-0.135,-0.388
-0.962,-0.256,-0.096
-0.963,-0.251,-0.097
-0.960,-0.263,-0.094
-0.960,-0.262,-0.094
0.990,-0.137,-0.018
0.989,-0.147,-0.016
0.988,-0.153,-0.015
-0.916,-0.163,-0.365
-0.958,-0.279,-0.074
-0.959,-0.273,-0.075
-0.955,-0.287,-0.072
-0.954,-0.291,-0.071
-0.982,-0.191,0.011
0.993,-0.106,0.048
0.993,-0.108,0.049
0.993,-0.106,0.048
-0.970,-0.236,0.053
-0.971,-0.232,0.052
-0.970,-0.239,0.053
-0.968,-0.243,0.054
-0.967,-0.248,0.055
-0.969,-0.240,0.054
0.988,-0.136,0.074
0.988,-0.136,0.074
0.987,-0.141,0.075
-0.959,-0.265,-0.095
-0.925,-0.347,0.153
-0.928,-0.341,0.152
-0.924,-0.350,0.153
-0.924,-0.351,0.153
-0.923,-0.354,0.154
-0.921,-0.357,0.155
-0.924,-0.350,0.153
0.968,-0.210,0.136
0.968,-0.210,0.136
0.969,-0.206,0.136
0.967,-0.215,0.137
-0.953,-0.022,-0.302
-0.987,-0.163,-0.012
-0.987,-0.158,-0.013
-0.985,-0.170,-0.010
-0.986,-0.169,-0.010
0.996,-0.078,0.033
0.995,-0.089,0.035
0.995,-0.095,0.036
-0.959,-0.051,-0.278
-0.982,-0.186,0.010
-0.984,-0.180,0.008
-0.981,-0.195,0.012
-0.980,-0.200,0.013
-0.982,-0.191,0.011
0.993,-0.105,0.048
0.993,-0.109,0.049
0.993,-0.106,0.048
-0.971,-0.232,0.052
-0.972,-0.228,0.051
-0.971,-0.235,0.052
-0.967,-0.248,0.055
-0.967,-0.248,0.055
-0.969,-0.240,0.054
0.988,-0.133,0.073
0.988,-0.133,0.073
0.987,-0.142,0.075
-0.967,-0.110,-0.228
-0.972,-0.231,0.052
-0.973,-0.223,0.050
-0.972,-0.231,0.052
-0.969,-0.242,0.054
-0.969,-0.240,0.054
0.990,-0.121,0.071
0.989,-0.131,0.073
0.988,-0.138,0.074
0.988,-0.137,0.074
-0.982,-0.190,0.010
-0.983,-0.186,0.010
-0.982,-0.189,0.010
-0.980,-0.197,0.012
-0.980,-0.198,0.012
0.994,-0.095,0.047
0.993,-0.105,0.048
0.993,-0.110,0.049
-0.915,0.230,0.331
-0.881,0.054,0.471
-0.881,0.059,0.470
-0.880,0.046,0.472
-0.880,0.046,0.472
-0.880,0.045,0.472
-0.880,0.041,0.473
-0.880,0.049,0.472
0.938,0.041,0.345
0.938,0.038,0.345
0.938,0.043,0.344
0.938,0.035,0.346
-0.905,0.372,0.206
-0.906,0.172,0.386
-0.906,0.179,0.385
-0.906,0.173,0.386
-0.907,0.163,0.389
-0.907,0.164,0.389
0.951,0.127,0.284
0.951,0.118,0.286
0.951,0.113,0.287
0.951,0.116,0.286
-0.958,-0.277,-0.075
-0.959,-0.274,-0.075
-0.957,-0.280,-0.074
-0.958,-0.277,-0.075
-0.954,-0.290,-0.071
-0.954,-0.291,-0.069
0.987,-0.160,-0.004
0.986,-0.165,-0.003
-0.916,-0.166,-0.365
-0.957,-0.281,-0.074
-0.958,-0.278,-0.074
-0.955,-0.286,-0.072
-0.954,-0.292,-0.071
-0.956,-0.283,-0.073
0.986,-0.164,-0.003
0.986,-0.166,-0.003
0.986,-0.164,-0.003
-0.945,-0.326,-0.031
-0.946,-0.322,-0.032
-0.944,-0.329,-0.030
-0.943,-0.333,-0.029
-0.941,-0.337,-0.028
-0.944,-0.329,-0.030
0.981,-0.193,0.023
0.981,-0.193,0.023
0.980,-0.199,0.024
-0.911,-0.368,-0.188
-0.902,-0.426,0.070
-0.903,-0.423,0.069
-0.899,-0.432,0.071
-0.899,-0.433,0.071
-0.898,-0.434,0.072
-0.896,-0.438,0.072
-0.899,-0.432,0.071
0.961,-0.263,0.085
0.960,-0.265,0.085
0.961,-0.262,0.085
0.959,-0.270,0.086
-0.910,-0.371,-0.187
-0.901,-0.428,0.070
-0.903,-0.424,0.069
-0.898,-0.435,0.072
-0.898,-0.435,0.072
-0.897,-0.435,0.072
-0.896,-0.439,0.073
-0.899,-0.432,0.071
0.961,-0.264,0.085
0.960,-0.267,0.086
0.961,-0.263,0.085
0.959,-0.270,0.086
-0.912,-0.132,-0.389
-0.962,-0.256,-0.095
-0.963,-0.252,-0.096
-0.960,-0.263,-0.094
-0.960,-0.262,-0.094
0.990,-0.137,-0.018
0.989,-0.147,-0.016
0.988,-0.153,-0.015
-0.921,-0.227,-0.316
-0.945,-0.326,-0.031
-0.947,-0.320,-0.032
-0.945,-0.326,-0.031
-0.942,-0.336,-0.028
-0.942,-0.335,-0.029
0.983,-0.182,0.021
0.981,-0.192,0.022
0.980,-0.196,0.023
0.981,-0.194,0.023
-0.906,0.172,0.386
-0.906,0.176,0.385
-0.907,0.165,0.388
-0.907,0.165,0.388
-0.907,0.162,0.389
-0.906,0.169,0.387
0.951,0.116,0.286
0.951,0.113,0.287
0.951,0.111,0.287
-0.917,-0.162,-0.366
-0.958,-0.278,-0.074
-0.959,-0.271,-0.076
-0.956,-0.285,-0.072
-0.955,-0.288,-0.072
-0.955,-0.286,-0.072
-0.955,-0.286,-0.072
0.989,-0.151,-0.005
0.987,-0.161,-0.004
0.986,-0.169,-0.002
-0.922,-0.221,-0.317
-0.946,-0.322,-0.032
-0.949,-0.315,-0.034
-0.946,-0.321,-0.032
-0.942,-0.335,-0.028
-0.944,-0.329,-0.030
0.984,-0.179,0.020
0.982,-0.189,0.022
0.980,-0.199,0.024
0.981,-0.194,0.023
-0.956,-0.282,-0.073
-0.958,-0.278,-0.074
-0.957,-0.281,-0.074
-0.955,-0.288,-0.072
-0.954,-0.290,-0.071
0.988,-0.153,-0.005
0.987,-0.163,-0.003
0.986,-0.168,-0.002
-0.959,-0.050,-0.278
-0.983,-0.185,0.009
-0.984,-0.179,0.008
-0.981,-0.193,0.011
-0.980,-0.197,0.012
-0.981,-0.194,0.012
0.993,-0.104,0.048
0.993,-0.104,0.048
0.995,-0.092,0.046
-0.926,-0.344,0.152
-0.928,-0.341,0.151
-0.928,-0.339,0.151
-0.926,-0.344,0.152
-0.927,-0.343,0.152
-0.921,-0.357,0.154
-0.922,-0.355,0.154
0.971,-0.196,0.134
0.969,-0.206,0.136
0.968,-0.212,0.137
0.968,-0.212,0.137
0.968,-0.210,0.136
-0.970,-0.237,0.053
-0.971,-0.233,0.052
-0.968,-0.245,0.055
-0.968,-0.244,0.054
-0.967,-0.247,0.055
-0.969,-0.240,0.054
0.988,-0.136,0.074
0.987,-0.140,0.075
0.987,-0.141,0.075
-0.967,-0.112,-0.228
-0.971,-0.232,0.052
-0.973,-0.225,0.050
-0.971,-0.232,0.052
-0.968,-0.246,0.055
-0.967,-0.248,0.055
0.990,-0.122,0.072
0.989,-0.132,0.073
0.987,-0.139,0.075
0.988,-0.137,0.074
-0.961,-0.259,-0.095
-0.963,-0.253,-0.096
-0.962,-0.256,-0.096
-0.959,-0.267,-0.093
-0.961,-0.259,-0.095
0.989,-0.149,-0.016
0.988,-0.151,-0.016
0.989,-0.149,-0.016
-0.956,-0.282,-0.073
-0.958,-0.278,-0.074
-0.956,-0.284,-0.073
-0.957,-0.280,-0.074
-0.955,-0.288,-0.072
-0.954,-0.290,-0.069
0.987,-0.163,-0.003
0.986,-0.167,-0.002
-0.916,-0.163,-0.365
-0.958,-0.279,-0.074
-0.959,-0.273,-0.075
-0.955,-0.287,-0.072
-0.954,-0.291,-0.071
-0.956,-0.283,-0.073
0.987,-0.163,-0.003
0.986,-0.166,-0.002
0.986,-0.164,-0.003
-0.946,-0.322,-0.032
-0.947,-0.318,-0.033
-0.945,-0.325,-0.031
-0.941,-0.337,-0.028
-0.941,-0.337,-0.028
-0.944,-0.329,-0.030
0.981,-0.191,0.022
0.981,-0.191,0.022
0.980,-0.199,0.024
-0.922,-0.221,-0.317
-0.946,-0.321,-0.032
-0.949,-0.314,-0.034
-0.947,-0.321,-0.032
-0.943,-0.332,-0.029
-0.944,-0.329,-0.030
0.984,-0.179,0.020
0.982,-0.189,0.022
0.980,-0.196,0.023
0.981,-0.194,0.023
-0.946,-0.323,-0.032
-0.947,-0.319,-0.033
-0.945,-0.327,-0.031
-0.942,-0.333,-0.029
-0.941,-0.336,-0.028
-0.944,-0.329,-0.030
0.981,-0.191,0.022
0.981,-0.192,0.022
0.980,-0.198,0.024
-0.916,-0.167,-0.364
-0.957,-0.282,-0.073
-0.957,-0.282,-0.073
-0.955,-0.287,-0.072
-0.955,-0.289,-0.072
-0.956,-0.283,-0.073
0.986,-0.165,-0.003
0.986,-0.167,-0.002
0.986,-0.164,-0.003
-0.881,0.053,0.471
-0.881,0.057,0.470
-0.881,0.059,0.469
-0.881,0.054,0.471
-0.881,0.054,0.471
-0.880,0.043,0.473
-0.880,0.044,0.473
0.938,0.053,0.342
0.938,0.043,0.344
0.938,0.037,0.345
0.938,0.038,0.345
0.938,0.040,0.345
-0.956,-0.282,-0.073
-0.958,-0.278,-0.074
-0.956,-0.284,-0.073
-0.957,-0.280,-0.074
-0.955,-0.288,-0.072
-0.954,-0.290,-0.069
0.987,-0.163,-0.003
0.986,-0.167,-0.002
-0.922,-0.225,-0.316
-0.945,-0.325,-0.031
-0.947,-0.320,-0.032
-0.945,-0.325,-0.031
-0.941,-0.336,-0.028
-0.942,-0.335,-0.029
0.983,-0.181,0.021
0.981,-0.192,0.022
0.980,-0.196,0.023
0.981,-0.194,0.023
-0.902,-0.427,0.070
-0.903,-0.423,0.069
-0.904,-0.422,0.069
-0.902,-0.427,0.070
-0.902,-0.426,0.070
-0.896,-0.438,0.073
-0.897,-0.437,0.072
0.964,-0.252,0.083
0.961,-0.262,0.085
0.960,-0.268,0.086
0.960,-0.267,0.086
0.960,-0.265,0.085
-0.962,-0.257,-0.095
-0.963,-0.253,-0.096
-0.962,-0.256,-0.096
-0.959,-0.267,-0.093
-0.961,-0.259,-0.095
0.989,-0.149,-0.016
0.988,-0.151,-0.016
0.989,-0.149,-0.016
-0.946,-0.322,-0.032
0.987,-0.160,-0.004
0.986,-0.165,-0.003
-0.916,-0.166,-0.365
-0.957,-0.281,-0.074
-0.958,-0.278,-0.074
-0.955,-0.286,-0.072
-0.954,-0.292,-0.071
-0.956,-0.283,-0.073
0.986,-0.164,-0.003
0.986,-0.166,-0.003
0.986,-0.164,-0.003
-0.929,-0.369,0.011
-0.931,-0.365,0.010
-0.932,-0.363,0.009
-0.924,-0.383,0.014
-0.926,-0.376,0.013
-0.925,-0.380,0.014
-0.928,-0.373,0.012
0.974,-0.222,0.048
0.974,-0.220,0.048
0.972,-0.228,0.049
-0.917,-0.161,-0.366
-0.958,-0.279,-0.074
-0.959,-0.273,-0.075
-0.955,-0.287,-0.072
-0.954,-0.291,-0.071
-0.956,-0.283,-0.073
0.987,-0.163,-0.003
0.986,-0.166,-0.002
0.986,-0.164,-0.003
-0.944,-0.327,-0.031
-0.946,-0.323,-0.032
-0.942,-0.334,-0.029
-0.942,-0.333,-0.029
-0.941,-0.336,-0.028
-0.944,-0.329,-0.030
0.981,-0.194,0.023
0.980,-0.197,0.023
0.980,-0.198,0.024
-0.922,-0.221,-0.317
-0.946,-0.321,-0.032
-0.949,-0.314,-0.034
-0.947,-0.321,-0.032
-0.943,-0.332,-0.029
-0.944,-0.329,-0.030
0.984,-0.179,0.020
0.982,-0.189,0.022
0.980,-0.196,0.023
0.981,-0.194,0.023
-0.956,-0.282,-0.073
-0.958,-0.278,-0.074
-0.957,-0.281,-0.074
-0.955,-0.288,-0.072
-0.954,-0.290,-0.071
0.988,-0.153,-0.005
0.987,-0.163,-0.003
0.986,-0.168,-0.002
-0.905,0.372,0.206
-0.906,0.172,0.386
-0.906,0.179,0.385
-0.906,0.173,0.386
-0.907,0.163,0.389
-0.907,0.164,0.389
0.951,0.127,0.284
0.951,0.118,0.286
0.951,0.113,0.287
0.951,0.116,0.286
-0.966,-0.253,-0.046
-0.968,-0.248,-0.047
-0.966,-0.254,-0.045
-0.967,-0.251,-0.046
-0.965,-0.259,-0.044
-0.965,-0.261,-0.042
0.990,-0.144,0.014
0.989,-0.148,0.015
-0.933,-0.126,-0.338
-0.968,-0.248,-0.047
-0.969,-0.241,-0.048
-0.966,-0.256,-0.045
-0.965,-0.259,-0.044
-0.966,-0.257,-0.045
0.990,-0.143,0.014
0.990,-0.143,0.014
0.991,-0.131,0.011
-0.965,-0.258,-0.045
-0.968,-0.248,-0.047
-0.967,-0.250,-0.046
-0.964,-0.261,-0.044
-0.965,-0.259,-0.044
0.991,-0.133,0.012
0.990,-0.144,0.014
0.989,-0.150,0.015
-0.928,-0.336,-0.158
-0.911,-0.400,0.097
-0.913,-0.397,0.096
-0.909,-0.406,0.098
-0.908,-0.407,0.098
-0.908,-0.408,0.099
-0.906,-0.412,0.099
-0.909,-0.406,0.098
0.964,-0.245,0.102
0.964,-0.247,0.102
0.965,-0.243,0.102
0.962,-0.251,0.103
-0.928,-0.339,-0.157
-0.911,-0.402,0.097
-0.913,-0.397,0.096
-0.907,-0.408,0.099
-0.907,-0.408,0.099
-0.907,-0.409,0.099
-0.905,-0.413,0.100
-0.909,-0.406,0.098
0.964,-0.246,0.102
0.963,-0.249,0.103
0.964,-0.245,0.102
0.962,-0.252,0.103
-0.927,-0.098,-0.361
-0.972,-0.226,-0.068
-0.973,-0.221,-0.069
-0.970,-0.233,-0.067
-0.970,-0.232,-0.067
0.993,-0.118,-0.001
0.992,-0.128,0.001
0.991,-0.134,0.002
-0.939,-0.186,-0.289
-0.956,-0.293,-0.004
-0.958,-0.285,-0.006
-0.956,-0.292,-0.005
-0.952,-0.307,-0.001
-0.954,-0.300,-0.003
0.986,-0.160,0.037
0.985,-0.170,0.039
0.983,-0.180,0.041
0.984,-0.175,0.040
-0.966,-0.253,-0.046
-0.968,-0.248,-0.047
-0.967,-0.251,-0.046
-0.965,-0.259,-0.044
-0.965,-0.260,-0.044
0.991,-0.134,0.012
0.989,-0.144,0.014
0.989,-0.148,0.015
-0.905,0.372,0.206
-0.906,0.172,0.386
-0.906,0.179,0.385
-0.906,0.173,0.386
-0.907,0.163,0.389
-0.907,0.164,0.389
0.951,0.127,0.284
0.951,0.118,0.286
0.951,0.113,0.287
0.951,0.116,0.286
-0.955,-0.288,-0.072
-0.958,-0.278,-0.074
-0.957,-0.280,-0.074
-0.954,-0.290,-0.071
-0.955,-0.289,-0.072
0.988,-0.153,-0.005
0.987,-0.163,-0.003
0.986,-0.169,-0.002
-0.922,-0.224,-0.317
-0.945,-0.326,-0.031
-0.947,-0.321,-0.032
-0.945,-0.325,-0.031
-0.941,-0.336,-0.028
-0.942,-0.335,-0.029
0.983,-0.181,0.021
0.981,-0.192,0.022
0.980,-0.196,0.023
0.981,-0.194,0.023
-0.901,-0.429,0.070
-0.902,-0.425,0.070
-0.903,-0.423,0.069
-0.901,-0.428,0.070
-0.947,-0.318,-0.033
-0.945,-0.325,-0.031
-0.941,-0.337,-0.028
-0.941,-0.337,-0.028
-0.944,-0.329,-0.030
0.981,-0.191,0.022
0.981,-0.191,0.022
0.980,-0.199,0.024
-0.922,-0.222,-0.317
-0.946,-0.322,-0.032
-0.948,-0.316,-0.033
-0.946,-0.322,-0.032
-0.942,-0.335,-0.028
-0.941,-0.337,-0.028
0.984,-0.179,0.020
0.982,-0.189,0.022
0.980,-0.196,0.023
0.981,-0.194,0.023
-0.881,0.053,0.471
-0.881,0.057,0.470
-0.881,0.059,0.469
-0.881,0.054,0.471
-0.881,0.054,0.471
-0.880,0.043,0.473
-0.880,0.044,0.473
0.938,0.053,0.342
0.938,0.043,0.344
0.938,0.036,0.346
0.938,0.038,0.345
0.938,0.040,0.345
-0.955,-0.297,-0.003
-0.956,-0.293,-0.004
-0.954,-0.300,-0.003
-0.953,-0.304,-0.002
-0.951,-0.308,-0.001
-0.954,-0.300,-0.003
0.984,-0.174,0.040
0.984,-0.175,0.040
0.983,-0.180,0.041
-0.933,-0.127,-0.338
-0.967,-0.249,-0.047
-0.969,-0.243,-0.048
-0.965,-0.257,-0.045
-0.964,-0.262,-0.044
-0.966,-0.253,-0.046
0.990,-0.144,0.014
0.989,-0.147,0.015
0.989,-0.145,0.014
0.814,-0.212,-0.541
-0.957,-0.291,-0.005
-0.953,-0.303,-0.002
-0.953,-0.304,-0.002
-0.952,-0.307,-0.001
-0.954,-0.300,-0.003
0.982,-0.182,0.041
0.983,-0.176,0.040
0.983,-0.179,0.041
-0.939,-0.185,-0.289
-0.956,-0.292,-0.005
-0.959,-0.285,-0.006
-0.956,-0.292,-0.005
-0.953,-0.303,-0.002
-0.954,-0.300,-0.003
0.986,-0.160,0.037
0.985,-0.170,0.039
0.983,-0.177,0.040
0.984,-0.175,0.040
-0.956,-0.294,-0.004
-0.957,-0.290,-0.005
-0.955,-0.298,-0.003
-0.953,-0.304,-0.002
-0.952,-0.307,-0.001
-0.954,-0.300,-0.003
0.984,-0.172,0.039
0.984,-0.173,0.039
0.983,-0.179,0.041
-0.915,0.230,0.331
-0.881,0.054,0.471
-0.881,0.059,0.470
-0.880,0.046,0.472
-0.880,0.046,0.472
-0.880,0.045,0.472
-0.880,0.041,0.473
-0.880,0.049,0.472
0.938,0.041,0.345
0.938,0.038,0.345
0.938,0.043,0.344
0.938,0.035,0.346
-0.916,-0.166,-0.365
-0.957,-0.281,-0.073
-0.958,-0.278,-0.074
-0.955,-0.289,-0.072
-0.954,-0.291,-0.071
-0.954,-0.290,-0.071
0.986,-0.164,-0.003
0.986,-0.164,-0.003
0.988,-0.153,-0.005
-0.958,-0.277,-0.075
-0.959,-0.274,-0.075
-0.957,-0.280,-0.074
-0.958,-0.277,-0.075
-0.954,-0.290,-0.071
-0.954,-0.291,-0.069
0.987,-0.160,-0.004
0.986,-0.165,-0.003
-0.911,-0.368,-0.188
-0.902,-0.426,0.070
-0.903,-0.423,0.069
-0.899,-0.432,0.071
-0.899,-0.433,0.071
-0.898,-0.434,0.072
-0.896,-0.438,0.072
-0.899,-0.432,0.071
0.961,-0.263,0.085
0.960,-0.265,0.085
0.961,-0.262,0.085
0.959,-0.270,0.086
-0.912,-0.135,-0.388
-0.962,-0.256,-0.096
-0.963,-0.251,-0.097
-0.960,-0.263,-0.094
-0.960,-0.262,-0.094
0.990,-0.137,-0.018
0.989,-0.147,-0.016
0.988,-0.153,-0.015
-0.916,-0.163,-0.365
-0.958,-0.279,-0.074
-0.959,-0.273,-0.075
-0.955,-0.287,-0.072
-0.954,-0.291,-0.071
-0.956,-0.283,-0.073
0.987,-0.163,-0.003
0.986,-0.166,-0.002
0.986,-0.164,-0.003
-0.944,-0.327,-0.031
-0.946,-0.323,-0.032
-0.942,-0.334,-0.029
-0.942,-0.333,-0.029
-0.941,-0.336,-0.028
-0.944,-0.329,-0.030
0.981,-0.194,0.023
0.980,-0.197,0.023
0.980,-0.198,0.024
-0.922,-0.222,-0.317
-0.946,-0.322,-0.032
-0.948,-0.316,-0.033
-0.946,-0.322,-0.032
-0.942,-0.335,-0.028
-0.941,-0.337,-0.028
0.984,-0.179,0.020
0.982,-0.189,0.022
0.980,-0.196,0.023
0.981,-0.194,0.023
-0.881,0.053,0.471
-0.881,0.057,0.470
-0.881,0.059,0.469
-0.881,0.054,0.471
-0.881,0.054,0.471
-0.880,0.043,0.473
-0.880,0.044,0.473
0.938,0.053,0.342
0.938,0.043,0.344
0.938,0.037,0.345
0.938,0.038,0.345
0.938,0.040,0.345
-0.966,-0.253,-0.046
-0.968,-0.248,-0.047
-0.966,-0.254,-0.045
-0.967,-0.251,-0.046
-0.965,-0.259,-0.044
-0.965,-0.261,-0.042
0.990,-0.144,0.014
0.989,-0.148,0.015
-0.933,-0.126,-0.338
-0.901,-0.428,0.070
-0.896,-0.437,0.072
-0.897,-0.437,0.072
0.964,-0.253,0.084
0.961,-0.263,0.085
0.959,-0.269,0.086
0.960,-0.268,0.086
0.960,-0.265,0.085
-0.946,-0.322,-0.032
-0.947,-0.318,-0.033
-0.945,-0.325,-0.031
-0.941,-0.337,-0.028
-0.941,-0.337,-0.028
-0.944,-0.329,-0.030
0.981,-0.191,0.022
0.981,-0.191,0.022
0.980,-0.199,0.024
-0.922,-0.221,-0.317
-0.946,-0.321,-0.032
-0.949,-0.314,-0.034
-0.947,-0.321,-0.032
-0.943,-0.332,-0.029
-0.944,-0.329,-0.030
0.984,-0.179,0.020
0.982,-0.189,0.022
0.980,-0.196,0.023
0.981,-0.194,0.023
-0.956,-0.282,-0.073
-0.958,-0.278,-0.074
-0.957,-0.281,-0.074
-0.955,-0.288,-0.072
-0.954,-0.290,-0.071
0.988,-0.153,-0.005
0.987,-0.163,-0.003
0.986,-0.168,-0.002
-0.905,0.372,0.206
-0.906,0.172,0.386
-0.906,0.179,0.385
-0.906,0.173,0.386
-0.907,0.163,0.389
-0.907,0.164,0.389
0.951,0.127,0.284
0.951,0.118,0.286
0.951,0.113,0.287
0.951,0.116,0.286
-0.965,-0.258,-0.045
-0.968,-0.248,-0.047
-0.967,-0.250,-0.046
-0.964,-0.261,-0.044
-0.965,-0.259,-0.044
0.991,-0.133,0.012
0.990,-0.144,0.014
0.989,-0.150,0.015
-0.933,-0.127,-0.338
-0.967,-0.249,-0.047
-0.969,-0.243,-0.048
-0.965,-0.257,-0.045
-0.964,-0.262,-0.044
-0.966,-0.253,-0.046
0.990,-0.144,0.014
0.989,-0.147,0.015
0.989,-0.145,0.014
-0.954,-0.298,-0.003
-0.956,-0.294,-0.004
-0.952,-0.305,-0.001
-0.953,-0.304,-0.002
-0.952,-0.307,-0.001
-0.954,-0.300,-0.003
0.984,-0.175,0.040
0.983,-0.178,0.040
0.983,-0.179,0.041
-0.939,-0.186,-0.289
-0.956,-0.293,-0.004
-0.958,-0.286,-0.006
-0.956,-0.293,-0.004
-0.952,-0.307,-0.001
-0.951,-0.308,-0.001
0.986,-0.160,0.037
0.985,-0.170,0.039
0.983,-0.178,0.040
0.984,-0.175,0.040
-0.958,-0.277,-0.075
-0.959,-0.274,-0.075
-0.957,-0.280,-0.074
-0.958,-0.277,-0.075
-0.954,-0.290,-0.071
-0.954,-0.291,-0.069
0.987,-0.160,-0.004
0.986,-0.165,-0.003
-0.912,-0.135,-0.388
-0.962,-0.256,-0.096
-0.963,-0.251,-0.097
-0.960,-0.263,-0.094
-0.960,-0.262,-0.094
0.990,-0.137,-0.018
0.989,-0.147,-0.016
0.988,-0.153,-0.015
-0.922,-0.222,-0.317
-0.946,-0.322,-0.032
-0.948,-0.316,-0.033
-0.946,-0.322,-0.032
-0.942,-0.335,-0.028
-0.941,-0.337,-0.028
0.984,-0.179,0.020
0.982,-0.189,0.022
0.980,-0.196,0.023
0.981,-0.194,0.023
-0.956,-0.282,-0.073
-0.958,-0.278,-0.074
-0.957,-0.281,-0.074
-0.955,-0.288,-0.072
-0.954,-0.290,-0.071
0.988,-0.153,-0.005
0.987,-0.163,-0.003
0.986,-0.168,-0.002
-0.915,0.230,0.331
-0.881,0.054,0.471
-0.881,0.059,0.470
-0.880,0.046,0.472
-0.880,0.046,0.472
-0.880,0.045,0.472
-0.880,0.041,0.473
-0.880,0.049,0.472
0.938,0.041,0.345
0.938,0.038,0.345
0.938,0.043,0.344
0.938,0.035,0.346
-0.910,-0.371,-0.187
-0.901,-0.428,0.070
-0.903,-0.424,0.069
-0.898,-0.435,0.072
-0.898,-0.435,0.072
-0.897,-0.435,0.072
-0.896,-0.439,0.073
-0.899,-0.432,0.071
0.961,-0.264,0.085
0.960,-0.267,0.086
0.961,-0.263,0.085
0.959,-0.270,0.086
-0.922,-0.221,-0.317
-0.946,-0.321,-0.032
-0.949,-0.314,-0.034
-0.947,-0.321,-0.032
-0.943,-0.332,-0.029
-0.944,-0.329,-0.030
0.984,-0.179,0.020
0.982,-0.189,0.022
0.980,-0.196,0.023
0.981,-0.194,0.023
-0.956,-0.282,-0.073
-0.958,-0.278,-0.074
-0.957,-0.281,-0.074
-0.955,-0.288,-0.072
-0.954,-0.290,-0.071
0.988,-0.153,-0.005
0.987,-0.163,-0.003
0.986,-0.168,-0.002
-0.915,0.230,0.331
-0.881,0.054,0.471
-0.881,0.059,0.470
-0.880,0.046,0.472
-0.880,0.046,0.472
-0.880,0.045,0.472
-0.880,0.041,0.473
-0.880,0.049,0.472
0.938,0.041,0.345
0.938,0.038,0.345
0.938,0.043,0.344
0.938,0.035,0.346
0.030,0.932,-0.361
-0.884,0.123,0.450
0.046,0.410,-0.911
0.985,0.030,-0.169
0.985,0.034,-0.170
-0.968,-0.247,-0.047
-0.969,-0.244,-0.048
-0.967,-0.251,-0.046
-0.968,-0.247,-0.047
-0.965,-0.260,-0.044
-0.964,-0.262,-0.042
0.990,-0.141,0.013
0.989,-0.146,0.014
-0.927,-0.339,-0.157
-0.911,-0.402,0.097
-0.913,-0.397,0.096
-0.907,-0.408,0.099
-0.907,-0.408,0.099
-0.907,-0.409,0.099
-0.905,-0.413,0.100
-0.909,-0.406,0.098
0.964,-0.246,0.102
0.963,-0.249,0.103
0.964,-0.245,0.102
0.962,-0.252,0.103
-0.927,-0.098,-0.361
-0.972,-0.226,-0.068
-0.973,-0.221,-0.069
-0.970,-0.233,-0.067
-0.970,-0.232,-0.067
0.993,-0.118,-0.001
0.992,-0.128,0.001
0.991,-0.134,0.002
-0.939,-0.185,-0.289
-0.956,-0.292,-0.005
-0.959,-0.284,-0.006
-0.956,-0.292,-0.005
-0.952,-0.307,-0.001
-0.954,-0.300,-0.003
0.986,-0.160,0.037
0.985,-0.169,0.039
0.983,-0.180,0.041
0.984,-0.175,0.040
-0.956,-0.293,-0.004
-0.957,-0.289,-0.005
-0.955,-0.295,-0.004
-0.953,-0.303,-0.002
-0.952,-0.306,-0.001
-0.954,-0.300,-0.003
0.984,-0.171,0.039
0.984,-0.172,0.039
0.983,-0.178,0.041
-0.932,-0.131,-0.337
-0.967,-0.252,-0.046
-0.967,-0.252,-0.046
-0.965,-0.258,-0.045
-0.965,-0.259,-0.044
-0.966,-0.253,-0.046
0.989,-0.146,0.014
0.989,-0.148,0.015
0.989,-0.145,0.014
-0.881,0.053,0.471
-0.881,0.057,0.470
-0.881,0.059,0.469
-0.881,0.054,0.471
-0.881,0.054,0.471
-0.880,0.043,0.473
-0.880,0.044,0.473
0.938,0.053,0.342
0.938,0.043,0.344
0.938,0.037,0.345
0.938,0.038,0.345
0.938,0.040,0.345
-0.906,0.172,0.386
-0.906,0.176,0.385
-0.907,0.165,0.388
-0.907,0.165,0.388
-0.907,0.162,0.389
-0.906,0.169,0.387
0.951,0.116,0.286
0.951,0.113,0.287
0.951,0.111,0.287
-0.916,-0.166,-0.365
-0.957,-0.281,-0.073
-0.958,-0.278,-0.074
-0.955,-0.289,-0.072
-0.954,-0.291,-0.071
-0.954,-0.290,-0.071
0.986,-0.164,-0.003
0.986,-0.164,-0.003
0.988,-0.153,-0.005
-0.955,-0.288,-0.072
-0.958,-0.278,-0.074
-0.957,-0.280,-0.074
-0.954,-0.290,-0.071
-0.955,-0.289,-0.072
0.988,-0.153,-0.005
0.987,-0.163,-0.003
0.986,-0.169,-0.002
-0.910,-0.371,-0.187
-0.901,-0.428,0.070
-0.903,-0.424,0.069
-0.898,-0.435,0.072
-0.898,-0.435,0.072
-0.897,-0.435,0.072
-0.896,-0.439,0.073
-0.899,-0.432,0.071
0.961,-0.264,0.085
0.960,-0.267,0.086
0.961,-0.263,0.085
0.959,-0.270,0.086
-0.916,-0.163,-0.365
-0.958,-0.279,-0.074
-0.959,-0.273,-0.075
-0.955,-0.287,-0.072
-0.954,-0.291,-0.071
-0.956,-0.283,-0.073
0.987,-0.163,-0.003
0.986,-0.166,-0.002
0.986,-0.164,-0.003
-0.944,-0.327,-0.031
-0.946,-0.323,-0.032
-0.942,-0.334,-0.029
-0.942,-0.333,-0.029
-0.941,-0.336,-0.028
-0.944,-0.329,-0.030
0.981,-0.194,0.023
0.980,-0.197,0.023
0.980,-0.198,0.024
-0.922,-0.221,-0.317
-0.946,-0.322,-0.032
-0.949,-0.315,-0.034
-0.946,-0.321,-0.032
-0.942,-0.335,-0.028
-0.944,-0.329,-0.030
0.984,-0.179,0.020
0.982,-0.189,0.022
0.980,-0.199,0.024
0.981,-0.194,0.023
0.781,-0.257,-0.569
-0.948,-0.317,-0.033
-0.946,-0.322,-0.032
-0.943,-0.332,-0.029
-0.942,-0.335,-0.029
-0.944,-0.329,-0.030
0.981,-0.193,0.022
0.982,-0.190,0.022
0.980,-0.197,0.024
-0.905,0.372,0.206
-0.906,0.172,0.386
-0.906,0.179,0.385
-0.906,0.173,0.386
-0.907,0.163,0.389
-0.907,0.164,0.389
0.951,0.127,0.284
0.951,0.118,0.286
0.951,0.113,0.287
0.951,0.116,0.286
-0.944,-0.327,-0.031
-0.946,-0.323,-0.032
-0.942,-0.334,-0.029
-0.942,-0.333,-0.029
-0.941,-0.336,-0.028
-0.944,-0.329,-0.030
0.981,-0.194,0.023
0.980,-0.197,0.023
0.980,-0.198,0.024
-0.922,-0.221,-0.317
-0.946,-0.322,-0.032
-0.949,-0.315,-0.034
-0.946,-0.321,-0.032
-0.942,-0.335,-0.028
-0.944,-0.329,-0.030
0.984,-0.179,0.020
0.982,-0.189,0.022
0.980,-0.199,0.024
0.981,-0.194,0.023
0.780,-0.268,-0.565
-0.947,-0.318,-0.033
-0.945,-0.326,-0.031
0.988,0.019,-0.156
0.987,0.022,-0.157
0.978,0.070,-0.196
0.563,0.258,-0.785
0.987,0.030,-0.158
-0.798,0.157,-0.582
0.988,0.017,-0.155
0.988,0.021,-0.156
0.477,0.804,-0.354
0.465,0.827,-0.316
-0.752,0.239,-0.614
-0.766,0.385,-0.515
-0.748,0.586,-0.311
-0.656,0.755,-0.021
-0.774,0.326,-0.543
-0.828,0.333,-0.451
0.991,0.115,-0.072
0.990,0.119,-0.073
0.979,0.168,-0.113
0.581,0.406,-0.706
0.990,0.093,-0.109
-0.814,0.282,-0.507
0.990,0.089,-0.109
0.990,0.092,-0.110
0.590,0.386,-0.709
0.991,0.082,-0.107
-0.814,0.284,-0.507
0.990,0.090,-0.109
0.989,0.094,-0.110
0.433,0.877,-0.211
0.351,0.936,0.016
-0.706,0.688,-0.165
0.985,0.030,-0.169
0.985,0.034,-0.170
0.568,0.241,-0.787
0.987,0.022,-0.157
-0.795,0.172,-0.582
0.987,0.027,-0.158
0.987,0.030,-0.158
0.563,0.257,-0.785
0.987,0.030,-0.158
-0.767,0.216,-0.604
0.981,0.063,-0.184
0.531,0.303,-0.791
-0.580,0.803,0.141
0.824,0.507,0.254
-0.759,0.271,-0.592
0.043,0.619,-0.784
0.043,0.620,-0.784
0.038,0.766,-0.642
0.032,0.894,-0.447
-0.548,0.824,0.145
-0.550,0.820,0.158
0.314,0.939,0.140
0.316,0.936,0.155
0.314,0.937,0.154
0.322,0.930,0.176
0.323,0.930,0.177
-0.763,0.230,-0.604
0.526,0.319,-0.788
0.046,0.410,-0.911
0.985,0.030,-0.169
0.985,0.034,-0.170
0.978,0.070,-0.196
0.564,0.256,-0.786
0.987,0.029,-0.158
-0.751,0.583,-0.312
-0.728,0.649,-0.222
0.034,0.850,-0.526
0.050,0.408,-0.911
-0.988,-0.116,0.102
-0.794,0.211,-0.570
0.987,0.054,-0.153
-0.817,0.220,-0.533
0.991,0.051,-0.122
0.991,0.055,-0.122
0.597,0.428,-0.679
0.991,0.098,-0.089
-0.819,0.314,-0.480
0.990,0.106,-0.092
0.990,0.110,-0.092
-0.753,0.563,-0.341
-0.704,0.690,-0.166
-0.648,0.761,-0.037
-0.647,0.762,-0.037
-0.952,0.220,-0.212
0.954,0.221,-0.203
0.985,0.030,-0.169
0.985,0.034,-0.170
0.569,0.238,-0.787
0.987,0.020,-0.157
-0.764,0.257,-0.592
-0.815,0.280,-0.507
0.990,0.087,-0.108
0.990,0.090,-0.109
0.585,0.397,-0.707
0.990,0.088,-0.108
-0.785,0.319,-0.532
0.983,0.122,-0.135
0.592,0.381,-0.710
0.991,0.079,-0.106
-0.564,0.819,0.107
0.047,0.447,-0.893
0.046,0.410,-0.911
0.021,0.980,-0.198
0.021,0.998,-0.057
-0.792,0.543,0.281
-0.827,0.258,0.499
0.837,0.506,0.207
-0.548,0.822,0.156
0.313,0.940,0.139
0.045,0.458,-0.888
0.987,0.050,-0.152
0.987,0.054,-0.153
0.579,0.281,-0.765
0.989,0.038,-0.140
-0.769,0.291,-0.568
-0.785,0.319,-0.532
0.983,0.122,-0.135
0.589,0.388,-0.709
0.991,0.083,-0.107
-0.540,0.831,0.138
0.041,0.698,-0.715
0.041,0.698,-0.714
0.032,0.894,-0.448
0.031,0.895,-0.446
0.045,0.574,-0.818
0.045,0.576,-0.816
0.029,0.928,-0.371
0.038,0.893,-0.448
-0.919,0.388,0.069
-0.922,0.119,0.368
0.962,0.260,0.082
0.978,0.071,-0.196
0.011,0.999,0.031
0.985,0.030,-0.169
0.985,0.034,-0.170
0.577,0.287,-0.764
0.989,0.041,-0.140
-0.808,0.188,-0.558
0.990,0.034,-0.139
0.989,0.038,-0.140
0.585,0.398,-0.707
0.990,0.089,-0.109
-0.822,0.260,-0.507
0.992,0.074,-0.105
0.991,0.078,-0.106
0.584,0.399,-0.707
0.990,0.090,-0.109
-0.782,0.510,-0.358
0.971,0.237,-0.033
0.442,0.863,-0.245
0.444,0.862,-0.245
-0.770,0.442,-0.460
-0.770,0.377,-0.515
0.978,0.071,-0.196
0.985,0.030,-0.169
0.985,0.034,-0.170
0.568,0.240,-0.787
0.987,0.022,-0.157
-0.799,0.154,-0.581
0.988,0.015,-0.155
0.988,0.019,-0.156
0.978,0.070,-0.196
0.573,0.301,-0.763
0.989,0.048,-0.142
-0.782,0.510,-0.358
0.971,0.237,-0.033
0.580,0.657,-0.483
0.979,0.202,-0.006
-0.724,0.688,-0.058
0.924,0.358,0.137
0.923,0.361,0.136
0.015,0.999,0.035
-0.942,-0.333,-0.029
-0.941,-0.336,-0.028
-0.944,-0.329,-0.030
0.981,-0.191,0.022
0.981,-0.192,0.022
0.980,-0.198,0.024
-0.905,0.372,0.206
-0.906,0.172,0.386
-0.906,0.179,0.385
-0.906,0.173,0.386
-0.907,0.163,0.389
-0.907,0.164,0.389
0.951,0.127,0.284
0.951,0.118,0.286
0.951,0.113,0.287
0.951,0.116,0.286
-0.766,0.220,-0.604
-0.756,0.226,-0.615
-0.799,0.153,-0.581
0.988,0.015,-0.155
0.988,0.019,-0.156
0.529,0.311,-0.790
-0.795,0.172,-0.582
0.987,0.027,-0.158
0.987,0.030,-0.158
0.531,0.303,-0.791
-0.767,0.216,-0.604
0.981,0.063,-0.184
0.562,0.260,-0.785
0.987,0.032,-0.160
-0.773,0.561,-0.297
-0.923,0.027,0.385
0.481,0.802,-0.354
-0.760,0.533,-0.371
0.045,0.541,-0.840
0.989,0.089,-0.119
0.988,0.093,-0.120
0.591,0.383,-0.710
0.991,0.080,-0.107
-0.814,0.282,-0.507
0.990,0.088,-0.108
0.990,0.092,-0.109
0.547,0.436,-0.714
-0.633,0.774,-0.015
-0.611,0.791,0.030
0.046,0.526,-0.849
0.946,0.191,-0.261
-0.548,0.822,0.156
0.029,0.933,-0.359
0.875,0.483,0.017
-0.681,0.724,-0.112
-0.539,0.831,0.138
0.978,0.070,-0.195
0.046,0.410,-0.911
0.570,0.234,-0.788
0.988,0.018,-0.156
-0.756,0.224,-0.615
-0.798,0.157,-0.582
0.988,0.017,-0.155
0.988,0.021,-0.156
0.562,0.260,-0.785
0.987,0.032,-0.160
-0.569,0.814,0.121
-0.668,0.692,0.273
0.321,0.944,0.079
0.517,0.380,-0.768
0.513,0.390,-0.765
-0.692,0.708,-0.139
-0.727,0.650,-0.222
-0.716,0.682,-0.150
0.028,0.929,-0.370
-0.546,0.825,0.144
-0.549,0.821,0.156
0.314,0.939,0.139
0.978,0.071,-0.196
0.568,0.240,-0.787
0.987,0.022,-0.157
-0.799,0.153,-0.581
0.988,0.015,-0.155
0.988,0.018,-0.156
0.563,0.257,-0.785
0.987,0.030,-0.159
-0.795,0.170,-0.582
0.987,0.025,-0.157
0.987,0.029,-0.158
0.531,0.303,-0.791
-0.799,0.155,-0.582
0.988,0.016,-0.155
0.988,0.020,-0.156
0.563,0.258,-0.785
0.987,0.031,-0.160
-0.759,0.534,-0.372
-0.752,0.580,-0.312
0.015,0.998,-0.058
-0.763,0.258,-0.592
-0.755,0.283,-0.591
-0.807,0.193,-0.558
0.990,0.037,-0.139
0.989,0.041,-0.140
0.981,0.109,-0.163
0.588,0.445,-0.675
0.990,0.108,-0.091
-0.820,0.312,-0.480
0.990,0.104,-0.091
0.990,0.108,-0.091
0.588,0.445,-0.675
0.990,0.108,-0.092
-0.788,0.353,-0.505
0.983,0.142,-0.118
0.451,0.858,-0.245
-0.768,0.475,-0.431
0.978,0.072,-0.196
0.046,0.410,-0.911
0.568,0.240,-0.787
0.987,0.021,-0.157
-0.765,0.221,-0.604
0.529,0.309,-0.790
0.987,0.103,-0.122
0.987,0.107,-0.123
0.548,0.435,-0.715
-0.816,0.278,-0.507
0.990,0.086,-0.109
0.990,0.090,-0.109
0.457,0.859,-0.229
-0.612,0.790,0.031
0.027,0.942,-0.334
0.025,0.954,-0.297
0.022,0.980,-0.198
0.027,0.942,-0.333
-0.548,0.823,0.145
-0.549,0.821,0.157
0.313,0.939,0.139
0.309,0.943,0.121
0.315,0.936,0.155
0.313,0.937,0.153
0.321,0.931,0.175
0.322,0.930,0.176
-0.763,0.259,-0.592
-0.806,0.195,-0.558
0.989,0.038,-0.140
0.989,0.042,-0.140
0.581,0.405,-0.706
0.990,0.092,-0.109
-0.815,0.281,-0.507
0.990,0.087,-0.108
0.990,0.091,-0.109
0.583,0.400,-0.707
0.990,0.090,-0.110
-0.624,0.781,0.009
-0.614,0.789,0.032
0.044,0.581,-0.812
-0.704,0.690,-0.166
0.022,0.993,-0.112
-0.801,0.548,0.243
-0.839,0.269,0.472
0.900,0.385,0.203
0.981,0.109,-0.163
0.585,0.397,-0.707
0.990,0.088,-0.108
-0.804,0.204,-0.558
0.989,0.044,-0.141
0.989,0.048,-0.141
0.456,0.856,-0.245
0.445,0.861,-0.245
-0.762,0.356,-0.541
0.579,0.349,-0.736
0.990,0.068,-0.125
-0.767,0.524,-0.372
-0.816,0.497,-0.296
0.977,0.211,0.013
0.977,0.215,0.012
-0.646,0.763,-0.038
0.513,0.665,-0.543
0.509,0.669,-0.542
0.038,0.905,-0.423
0.047,0.512,-0.858
0.550,0.431,-0.716
-0.809,0.569,0.145
0.915,0.377,0.142
-0.911,0.413,-0.001
0.967,0.251,0.045
0.049,0.369,-0.928
0.536,0.290,-0.793
-0.928,0.079,-0.364
-0.782,0.187,-0.594
-0.780,0.201,-0.593
-0.772,0.195,-0.605
-0.961,-0.188,0.205
-0.846,0.530,0.062
0.043,0.774,-0.631
0.039,0.820,-0.570
0.529,0.736,-0.423
0.949,0.314,0.042
-0.730,0.647,0.220
0.029,0.963,-0.267
-0.764,0.595,-0.250
0.010,0.998,0.066
0.318,0.935,0.157
0.049,0.370,-0.928
0.536,0.290,-0.793
-0.929,0.073,-0.363
0.040,0.860,-0.509
0.048,0.512,-0.858
0.550,0.430,-0.716
0.012,0.999,0.042
0.342,0.929,0.140
-0.840,0.080,-0.537
-0.842,0.071,-0.535
-0.841,0.079,-0.535
0.992,-0.011,-0.123
-0.868,0.190,-0.460
-0.871,0.182,-0.457
-0.869,0.190,-0.458
0.996,0.048,-0.073
-0.840,0.080,-0.537
-0.842,0.071,-0.535
-0.841,0.079,-0.535
0.992,-0.011,-0.123
-0.851,0.116,-0.513
-0.853,0.107,-0.510
-0.852,0.116,-0.511
0.994,0.009,-0.107
-0.827,0.106,-0.552
-0.830,0.097,-0.550
-0.824,0.123,-0.552
0.991,-0.007,-0.133
-0.882,-0.033,-0.470
-0.882,-0.031,-0.471
-0.970,-0.164,-0.181
-0.936,-0.289,0.201
0.994,-0.086,-0.069
0.994,-0.085,-0.070
-0.849,0.059,-0.525
-0.966,-0.085,-0.245
-0.959,-0.234,0.158
0.993,-0.035,-0.109
0.050,0.381,-0.923
-0.991,-0.120,0.066
-0.931,0.062,-0.361
0.055,0.313,-0.948
-0.952,-0.010,-0.306
-0.977,-0.182,0.114
0.055,0.307,-0.950
-0.952,-0.015,-0.305
-0.976,-0.186,0.114
0.034,0.902,-0.430
-0.920,0.193,0.342
0.019,0.999,0.051
-0.687,0.703,0.183
-0.769,0.534,0.350
-0.801,0.261,0.539
0.879,0.385,0.280
0.055,0.463,-0.885
-0.971,0.083,-0.225
-0.978,-0.114,0.176
0.055,0.460,-0.886
-0.971,0.080,-0.224
-0.977,-0.116,0.176
0.061,0.410,-0.910
-0.883,0.152,-0.445
-0.987,0.008,-0.163
-0.960,-0.171,0.220
0.998,0.014,-0.056
0.513,0.388,-0.765
0.540,0.712,-0.448
0.968,0.250,-0.006
0.607,0.527,-0.594
0.990,0.131,-0.045
0.989,0.137,-0.046
0.523,0.741,-0.422
-0.957,0.145,-0.251
0.990,0.090,-0.109
0.990,0.093,-0.110
-0.691,0.686,0.230
0.400,0.916,-0.036
-0.869,0.495,0.012
0.943,0.329,0.048
-0.746,0.634,0.204
0.024,0.976,-0.215
0.417,0.904,-0.096
-0.649,0.692,0.317
0.810,0.516,0.280
-0.745,0.636,0.203
0.048,0.511,-0.858
0.550,0.430,-0.716
-0.762,0.616,0.200
0.888,0.420,0.184
-0.749,0.625,0.220
0.878,0.436,0.197
0.014,0.999,0.044
0.344,0.928,0.142
0.016,0.999,-0.030
-0.724,0.636,0.268
0.862,0.449,0.234
-0.927,0.087,-0.365
0.048,0.379,-0.924
0.532,0.301,-0.792
-0.761,0.621,0.187
0.013,1.000,0.027
0.341,0.932,0.125
0.039,0.792,-0.609
0.532,0.709,-0.462
-0.896,0.443,-0.038
0.040,0.835,-0.548
-0.752,0.622,-0.220
0.018,0.992,-0.122
0.381,0.924,-0.013
-0.672,0.686,0.277
0.030,0.936,-0.350
-0.851,0.519,0.079
0.011,0.998,0.069
-0.651,0.689,0.319
-0.763,0.257,-0.592
0.016,0.999,-0.048
0.372,0.926,0.059
0.015,1.000,-0.022
0.361,0.929,0.082
0.048,0.510,-0.859
0.551,0.428,-0.717
-0.941,0.180,-0.286
-0.659,0.753,-0.003
0.025,0.972,-0.235
0.446,0.889,-0.106
-0.840,0.080,-0.537
-0.842,0.071,-0.535
-0.841,0.079,-0.535
0.992,-0.011,-0.123
-0.837,0.142,-0.528
-0.840,0.133,-0.526
-0.834,0.159,-0.528
0.993,0.013,-0.117
-0.829,0.101,-0.550
-0.828,0.105,-0.550
0.991,0.004,-0.136
-0.827,0.106,-0.552
-0.830,0.097,-0.550
-0.824,0.123,-0.552
0.991,-0.007,-0.133
-0.882,-0.033,-0.470
-0.882,-0.036,-0.470
-0.970,-0.163,-0.181
-0.938,-0.283,0.200
0.994,-0.086,-0.069
0.994,-0.087,-0.069
-0.810,0.138,-0.569
-0.952,-0.004,-0.307
0.989,0.013,-0.148
-0.930,0.063,-0.361
0.043,0.909,-0.415
-0.862,0.496,-0.104
-0.938,0.319,0.133
-0.911,0.056,0.409
0.972,0.201,0.125
0.026,0.992,-0.126
0.055,0.462,-0.885
-0.971,0.083,-0.225
-0.978,-0.114,0.176
0.049,0.514,-0.857
-0.990,-0.050,0.129
-0.946,0.160,-0.283
0.043,0.806,-0.590
-0.949,0.314,-0.013
-0.946,0.059,0.317
0.978,0.206,0.032
-0.848,0.525,-0.073
-0.846,0.528,-0.073
-0.903,0.082,0.422
0.964,0.225,0.139
0.964,0.227,0.138
-0.845,0.310,-0.436
-0.975,0.148,-0.168
0.992,0.106,-0.062
-0.812,0.131,-0.569
-0.952,-0.014,-0.305
0.989,0.008,-0.147
-0.801,0.145,-0.581
-0.980,-0.171,0.100
0.055,0.310,-0.949
-0.952,-0.012,-0.305
-0.976,-0.184,0.114
0.043,0.695,-0.718
-0.977,0.059,0.206
-0.929,0.172,0.327
-0.930,0.168,0.328
-0.860,0.500,-0.105
-0.939,0.318,0.133
-0.911,0.057,0.409
-0.911,0.051,0.410
0.970,0.211,0.122
-0.806,0.551,-0.217
-0.924,0.382,0.023
0.966,0.254,0.053
-0.698,0.709,0.098
-0.789,0.548,0.278
-0.826,0.268,0.495
0.892,0.389,0.228
-0.928,0.084,-0.364
0.031,0.946,-0.322
-0.871,0.477,0.121
-0.896,0.195,0.399
0.045,0.653,-0.756
-0.979,0.019,0.202
0.031,0.916,-0.399
-0.911,0.228,0.344
-0.703,0.704,0.101
-0.827,0.262,0.497
-0.828,0.258,0.498
0.895,0.381,0.231
-0.711,0.701,0.060
-0.802,0.546,0.244
-0.841,0.255,0.477
0.020,0.998,-0.067
-0.765,0.590,0.259
-0.818,0.314,0.482
0.048,0.440,-0.897
-0.993,-0.084,0.084
-0.951,0.226,-0.213
-0.983,-0.011,0.183
-0.771,0.630,-0.093
-0.877,0.463,0.126
0.943,0.311,0.120
-0.961,-0.259,-0.095
-0.963,-0.253,-0.096
-0.962,-0.256,-0.096
-0.959,-0.267,-0.093
-0.961,-0.259,-0.095
0.989,-0.149,-0.016
0.988,-0.151,-0.016
0.989,-0.149,-0.016
-0.958,-0.277,-0.075
-0.959,-0.274,-0.075
-0.957,-0.280,-0.074
-0.958,-0.277,-0.075
-0.954,-0.290,-0.071
-0.954,-0.291,-0.069
0.987,-0.160,-0.004
0.986,-0.165,-0.003
-0.916,-0.166,-0.365
-0.957,-0.281,-0.074
-0.958,-0.278,-0.074
-0.955,-0.286,-0.072
-0.954,-0.292,-0.071
-0.956,-0.283,-0.073
0.986,-0.164,-0.003
0.986,-0.166,-0.003
0.986,-0.164,-0.003
-0.901,-0.429,0.070
-0.902,-0.425,0.070
-0.903,-0.423,0.069
-0.901,-0.428,0.070
-0.901,-0.428,0.070
-0.896,-0.437,0.072
-0.897,-0.437,0.072
0.964,-0.253,0.084
0.961,-0.263,0.085
0.959,-0.269,0.086
0.960,-0.268,0.086
0.960,-0.265,0.085
-0.944,-0.327,-0.031
-0.946,-0.323,-0.032
-0.942,-0.334,-0.029
-0.942,-0.333,-0.029
-0.941,-0.336,-0.028
-0.944,-0.329,-0.030
0.981,-0.194,0.023
0.980,-0.197,0.023
0.980,-0.198,0.024
-0.922,-0.221,-0.317
-0.946,-0.321,-0.032
-0.949,-0.314,-0.034
-0.947,-0.321,-0.032
-0.943,-0.332,-0.029
-0.944,-0.329,-0.030
0.984,-0.179,0.020
0.982,-0.189,0.022
0.980,-0.196,0.023
0.981,-0.194,0.023
-0.946,-0.323,-0.032
-0.947,-0.319,-0.033
-0.945,-0.327,-0.031
-0.942,-0.333,-0.029
-0.941,-0.336,-0.028
-0.944,-0.329,-0.030
0.981,-0.191,0.022
0.981,-0.192,0.022
0.980,-0.198,0.024
-0.915,0.230,0.331
-0.881,0.054,0.471
-0.881,0.059,0.470
-0.880,0.046,0.472
-0.880,0.046,0.472
-0.880,0.045,0.472
-0.880,0.041,0.473
-0.880,0.049,0.472
0.938,0.041,0.345
0.938,0.038,0.345
0.938,0.043,0.344
0.938,0.035,0.346
-0.905,0.372,0.206
-0.906,0.172,0.386
-0.906,0.179,0.385
-0.906,0.173,0.386
-0.907,0.163,0.389
-0.907,0.164,0.389
0.951,0.127,0.284
0.951,0.118,0.286
0.951,0.113,0.287
0.951,0.116,0.286
-0.986,-0.165,-0.011
-0.987,-0.159,-0.013
-0.987,-0.162,-0.012
-0.985,-0.174,-0.009
-0.986,-0.166,-0.011
0.995,-0.091,0.035
0.995,-0.093,0.036
0.995,-0.091,0.035
-0.982,-0.190,0.010
-0.983,-0.185,0.009
-0.981,-0.192,0.011
-0.982,-0.188,0.010
-0.980,-0.197,0.012
-0.980,-0.198,0.014
0.993,-0.105,0.048
0.993,-0.110,0.049
-0.959,-0.054,-0.277
-0.982,-0.189,0.010
-0.983,-0.185,0.010
-0.981,-0.194,0.011
-0.980,-0.200,0.013
-0.849,0.230,0.475
-0.850,0.223,0.478
0.913,0.354,0.203
-0.633,0.764,0.120
-0.731,0.619,0.287
0.858,0.454,0.241
-0.836,0.240,-0.494
-0.970,0.086,-0.225
0.993,0.068,-0.097
-0.821,0.260,-0.507
-0.983,-0.091,0.160
0.054,0.466,-0.883
-0.970,0.087,-0.225
-0.978,-0.111,0.175
0.049,0.508,-0.860
-0.990,-0.056,0.130
-0.977,0.060,0.205
0.039,0.957,-0.288
-0.841,0.541,-0.021
-0.915,0.349,0.201
-0.890,0.086,0.448
-0.889,0.074,0.451
0.958,0.236,0.166
-0.660,0.730,0.179
-0.746,0.571,0.342
-0.791,0.294,0.536
-0.793,0.282,0.540
0.061,0.349,-0.935
-0.873,0.121,-0.473
-0.981,-0.025,-0.191
-0.960,-0.195,0.200
0.997,-0.002,-0.074
-0.813,0.123,-0.569
-0.952,-0.013,-0.305
0.989,0.004,-0.146
-0.929,0.074,-0.363
0.051,0.371,-0.927
-0.989,-0.128,0.069
-0.930,0.063,-0.361
0.068,0.559,-0.826
-0.945,0.181,-0.274
-1.000,0.023,0.007
-0.931,-0.160,0.329
-0.932,-0.154,0.328
0.999,0.020,0.046
0.999,0.023,0.045
-0.826,0.550,0.126
-0.878,0.265,0.399
-0.747,0.664,0.028
-0.839,0.494,0.226
-0.860,0.216,0.463
0.920,0.343,0.187
-0.841,0.536,-0.075
-0.924,0.348,0.156
-0.902,0.080,0.423
-0.903,0.082,0.423
0.963,0.230,0.138
-0.815,0.580,-0.014
-0.895,0.398,0.202
-0.884,0.124,0.450
-0.884,0.122,0.451
0.949,0.265,0.169
-0.875,0.484,0.015
0.038,0.921,-0.387
-0.914,0.390,0.115
-0.910,0.116,0.397
-0.910,0.104,0.400
0.023,0.998,0.067
-0.748,0.630,0.208
-0.809,0.454,0.373
-0.814,0.175,0.555
-0.814,0.178,0.554
0.903,0.316,0.292
0.903,0.316,0.292
-0.692,0.709,0.140
-0.778,0.544,0.313
-0.813,0.270,0.516
0.886,0.388,0.254
0.030,0.997,-0.070
-0.793,0.598,0.116
-0.858,0.412,0.306
-0.848,0.141,0.511
-0.848,0.144,0.511
0.929,0.281,0.240
0.018,1.000,-0.007
-0.739,0.606,0.295
-0.797,0.334,0.504
0.052,0.531,-0.846
-0.974,-0.092,0.208
-0.973,-0.094,0.209
-0.974,-0.090,0.208
-0.721,0.692,-0.013
-0.827,0.530,0.187
0.915,0.368,0.162
-0.692,0.721,0.036
-0.796,0.561,0.225
0.897,0.398,0.190
-0.713,0.677,0.184
-0.714,0.676,0.185
-0.809,0.231,0.540
-0.809,0.227,0.542
0.891,0.357,0.280
0.016,0.999,0.036
-0.724,0.610,0.322
-0.783,0.341,0.521
0.853,0.449,0.268
-0.947,0.127,-0.295
-0.989,-0.084,0.123
-0.846,0.530,0.062
0.011,0.949,0.316
-0.645,0.660,0.386
-0.648,0.655,0.390
-0.703,0.497,0.508
-0.733,0.245,0.635
-0.733,0.236,0.638
0.835,0.369,0.408
0.833,0.375,0.406
0.051,0.628,-0.777
-0.976,0.181,-0.124
-0.968,-0.042,0.246
0.991,0.126,-0.035
-0.835,0.542,-0.094
-0.922,0.363,0.138
-0.907,0.097,0.410
0.963,0.238,0.127
0.023,0.980,-0.198
0.048,0.678,-0.733
-0.967,-0.006,0.253
0.964,0.232,-0.128
0.038,0.858,-0.512
-0.937,0.129,0.325
0.965,0.258,0.043
-0.956,-0.282,-0.073
-0.958,-0.278,-0.074
-0.956,-0.284,-0.073
-0.957,-0.280,-0.074
-0.955,-0.288,-0.072
-0.954,-0.290,-0.069
0.987,-0.163,-0.003
0.986,-0.167,-0.002
-0.922,-0.225,-0.316
-0.945,-0.325,-0.031
-0.947,-0.320,-0.032
-0.945,-0.325,-0.031
-0.941,-0.336,-0.028
-0.942,-0.335,-0.029
0.983,-0.181,0.021
0.981,-0.192,0.022
0.980,-0.196,0.023
0.981,-0.194,0.023
0.782,-0.497,-0.376
-0.903,-0.423,0.069
-0.904,-0.422,0.069
-0.902,-0.426,0.070
-0.902,-0.426,0.070
-0.896,-0.438,0.073
-0.897,-0.437,0.072
0.964,-0.252,0.083
0.961,-0.262,0.085
0.960,-0.267,0.086
0.960,-0.267,0.086
0.960,-0.265,0.085
-0.962,-0.257,-0.095
-0.963,-0.253,-0.096
-0.962,-0.256,-0.096
-0.959,-0.267,-0.093
-0.961,-0.259,-0.095
0.989,-0.149,-0.016
0.988,-0.151,-0.016
0.989,-0.149,-0.016
-0.957,-0.279,-0.074
-0.958,-0.275,-0.075
-0.958,-0.278,-0.074
-0.954,-0.291,-0.071
-0.980,-0.197,0.012
0.994,-0.094,0.047
0.993,-0.105,0.048
0.993,-0.111,0.049
-0.967,-0.116,-0.227
-0.970,-0.235,0.053
-0.972,-0.230,0.052
-0.971,-0.235,0.053
-0.967,-0.247,0.055
-0.968,-0.245,0.055
0.990,-0.124,0.072
0.988,-0.134,0.073
0.988,-0.139,0.074
0.988,-0.137,0.074
0.896,-0.361,-0.260
-0.927,-0.342,0.152
-0.928,-0.341,0.151
-0.927,-0.344,0.152
-0.926,-0.345,0.152
-0.922,-0.356,0.154
-0.922,-0.355,0.154
0.971,-0.197,0.134
0.969,-0.207,0.136
0.968,-0.212,0.137
0.968,-0.212,0.137
0.968,-0.210,0.136
-0.986,-0.163,-0.012
-0.987,-0.159,-0.013
-0.987,-0.162,-0.012
-0.985,-0.174,-0.009
-0.986,-0.166,-0.011
0.995,-0.090,0.035
0.995,-0.093,0.036
0.995,-0.091,0.035
-0.982,-0.187,0.010
-0.983,-0.183,0.009
-0.983,-0.186,0.010
-0.980,-0.199,0.012
-0.981,-0.194,0.011
0.995,-0.093,0.046
0.994,-0.103,0.048
0.993,-0.111,0.049
-0.967,-0.111,-0.228
-0.971,-0.232,0.052
-0.973,-0.224,0.050
-0.972,-0.231,0.052
-0.968,-0.246,0.055
-0.969,-0.240,0.054
0.990,-0.121,0.072
0.989,-0.131,0.073
0.987,-0.141,0.075
0.988,-0.137,0.074
-0.971,-0.232,0.052
-0.972,-0.227,0.051
-0.971,-0.234,0.052
-0.969,-0.243,0.054
-0.968,-0.245,0.055
-0.969,-0.240,0.054
0.988,-0.133,0.073
0.988,-0.133,0.073
0.987,-0.140,0.075
-0.959,-0.055,-0.277
-0.982,-0.189,0.010
-0.982,-0.190,0.010
-0.981,-0.195,0.012
-0.980,-0.197,0.012
-0.982,-0.191,0.011
0.993,-0.107,0.048
0.993,-0.109,0.049
0.993,-0.106,0.048
-0.881,0.053,0.471
-0.881,0.057,0.470
-0.881,0.059,0.469
-0.881,0.054,0.471
-0.881,0.054,0.471
-0.880,0.043,0.473
-0.880,0.044,0.473
0.938,0.053,0.342
0.938,0.043,0.344
0.938,0.037,0.345
0.938,0.038,0.345
0.938,0.040,0.345
-0.906,0.172,0.386
-0.906,0.176,0.385
-0.907,0.165,0.388
-0.907,0.165,0.388
-0.907,0.162,0.389
-0.906,0.169,0.387
0.951,0.116,0.286
0.951,0.113,0.287
0.951,0.111,0.287
-0.917,-0.162,-0.366
-0.958,-0.278,-0.074
-0.959,-0.271,-0.076
-0.956,-0.285,-0.072
-0.955,-0.288,-0.072
-0.955,-0.286,-0.072
0.987,-0.162,-0.003
0.987,-0.162,-0.003
0.989,-0.150,-0.006
-0.955,-0.288,-0.072
-0.958,-0.278,-0.074
-0.957,-0.280,-0.074
-0.954,-0.290,-0.071
-0.955,-0.289,-0.072
0.988,-0.153,-0.005
0.987,-0.163,-0.003
0.986,-0.169,-0.002
-0.922,-0.225,-0.316
-0.945,-0.325,-0.031
-0.947,-0.320,-0.032
-0.945,-0.325,-0.031
-0.941,-0.336,-0.028
-0.942,-0.335,-0.029
0.983,-0.181,0.021
0.981,-0.192,0.022
0.980,-0.196,0.023
0.981,-0.194,0.023
-0.902,-0.427,0.070
-0.903,-0.423,0.069
-0.904,-0.422,0.069
-0.902,-0.427,0.070
-0.902,-0.426,0.070
-0.896,-0.438,0.073
-0.897,-0.437,0.072
0.964,-0.252,0.083
0.961,-0.262,0.085
0.960,-0.268,0.086
0.960,-0.267,0.086
0.960,-0.265,0.085
-0.901,-0.429,0.070
-0.902,-0.425,0.070
-0.903,-0.423,0.069
-0.901,-0.428,0.070
-0.901,-0.428,0.070
-0.896,-0.437,0.072
-0.897,-0.437,0.072
0.964,-0.253,0.084
0.961,-0.263,0.085
0.959,-0.269,0.086
0.960,-0.268,0.086
0.960,-0.265,0.085
0.748,-0.124,-0.652
-0.963,-0.253,-0.096
-0.962,-0.256,-0.096
-0.959,-0.267,-0.093
-0.961,-0.259,-0.095
0.989,-0.149,-0.016
0.988,-0.151,-0.016
0.989,-0.149,-0.016
-0.944,-0.327,-0.031
-0.946,-0.323,-0.032
-0.942,-0.334,-0.029
-0.942,-0.333,-0.029
-0.941,-0.336,-0.028
-0.944,-0.329,-0.030
0.981,-0.194,0.023
0.980,-0.197,0.023
0.980,-0.198,0.024
-0.905,0.372,0.206
-0.906,0.172,0.386
-0.906,0.179,0.385
-0.906,0.173,0.386
-0.907,0.163,0.389
-0.907,0.164,0.389
0.951,0.127,0.284
0.951,0.118,0.286
0.951,0.113,0.287
0.951,0.116,0.286
-0.958,-0.277,-0.075
-0.959,-0.274,-0.075
-0.957,-0.280,-0.074
-0.958,-0.277,-0.075
-0.954,-0.290,-0.071
-0.954,-0.291,-0.069
-0.956,-0.283,-0.073
0.987,-0.163,-0.003
0.986,-0.166,-0.002
0.986,-0.164,-0.003
-0.946,-0.322,-0.032
-0.947,-0.318,-0.033
-0.945,-0.325,-0.031
-0.941,-0.337,-0.028
-0.941,-0.337,-0.028
-0.944,-0.329,-0.030
0.981,-0.191,0.022
0.981,-0.191,0.022
0.980,-0.199,0.024
-0.916,-0.167,-0.364
-0.957,-0.282,-0.073
-0.957,-0.282,-0.073
-0.955,-0.287,-0.072
-0.955,-0.289,-0.072
-0.956,-0.283,-0.073
0.986,-0.165,-0.003
0.986,-0.167,-0.002
0.986,-0.164,-0.003
-0.983,-0.184,0.009
-0.983,-0.181,0.009
-0.982,-0.188,0.010
-0.983,-0.184,0.009
-0.980,-0.198,0.012
-0.980,-0.200,0.015
0.994,-0.102,0.047
0.993,-0.107,0.049
-0.959,-0.268,-0.094
-0.927,-0.344,0.152
-0.928,-0.340,0.151
-0.924,-0.350,0.153
-0.924,-0.351,0.153
-0.923,-0.353,0.154
-0.921,-0.356,0.154
-0.924,-0.350,0.153
0.969,-0.208,0.136
0.968,-0.210,0.136
0.969,-0.206,0.136
0.967,-0.214,0.137
-0.967,-0.117,-0.227
-0.970,-0.237,0.053
-0.972,-0.230,0.051
-0.970,-0.236,0.053
-0.968,-0.247,0.055
-0.968,-0.245,0.055
0.990,-0.125,0.072
0.988,-0.135,0.074
0.987,-0.139,0.075
0.988,-0.137,0.074
-0.971,-0.233,0.052
-0.972,-0.229,0.051
-0.970,-0.237,0.053
-0.968,-0.244,0.054
-0.967,-0.247,0.055
-0.969,-0.240,0.054
0.988,-0.134,0.073
0.988,-0.135,0.074
0.987,-0.141,0.075
-0.912,-0.138,-0.387
-0.962,-0.256,-0.095
-0.963,-0.252,-0.096
-0.960,-0.263,-0.094
-0.960,-0.262,-0.094
0.990,-0.138,-0.017
0.989,-0.147,-0.016
0.988,-0.153,-0.015
-0.916,-0.166,-0.365
-0.957,-0.281,-0.073
-0.958,-0.278,-0.074
-0.955,-0.289,-0.072
-0.954,-0.291,-0.071
-0.954,-0.290,-0.071
0.986,-0.164,-0.003
0.986,-0.164,-0.003
0.988,-0.153,-0.005
-0.957,-0.279,-0.074
-0.958,-0.275,-0.075
-0.958,-0.278,-0.074
-0.954,-0.291,-0.071
-0.955,-0.286,-0.072
0.989,-0.151,-0.005
0.987,-0.161,-0.004
0.986,-0.169,-0.002
-0.922,-0.221,-0.317
-0.946,-0.322,-0.032
-0.949,-0.315,-0.034
-0.946,-0.321,-0.032
-0.942,-0.335,-0.028
-0.944,-0.329,-0.030
0.984,-0.179,0.020
0.982,-0.189,0.022
0.980,-0.199,0.024
0.981,-0.194,0.023
-0.946,-0.322,-0.032
-0.948,-0.318,-0.033
-0.946,-0.324,-0.031
-0.943,-0.332,-0.029
-0.942,-0.335,-0.029
-0.944,-0.329,-0.030
0.981,-0.190,0.022
0.981,-0.190,0.022
0.980,-0.197,0.024
-0.922,-0.222,-0.317
-0.946,-0.322,-0.032
-0.948,-0.316,-0.033
-0.946,-0.322,-0.032
-0.942,-0.335,-0.028
-0.941,-0.337,-0.028
0.984,-0.179,0.020
0.982,-0.189,0.022
0.980,-0.196,0.023
0.981,-0.194,0.023
-0.956,-0.282,-0.073
-0.958,-0.278,-0.074
-0.957,-0.281,-0.074
-0.955,-0.288,-0.072
-0.954,-0.290,-0.071
0.988,-0.153,-0.005
0.987,-0.163,-0.003
0.986,-0.168,-0.002
-0.915,0.230,0.331
-0.881,0.054,0.471
-0.881,0.059,0.470
-0.880,0.046,0.472
-0.880,0.046,0.472
-0.880,0.045,0.472
-0.880,0.041,0.473
-0.880,0.049,0.472
0.938,0.041,0.345
0.938,0.038,0.345
0.938,0.043,0.344
0.938,0.035,0.346
-0.916,-0.166,-0.365
-0.957,-0.281,-0.073
-0.958,-0.278,-0.074
-0.955,-0.289,-0.072
-0.954,-0.291,-0.071
-0.954,-0.290,-0.071
0.986,-0.164,-0.003
0.986,-0.164,-0.003
0.988,-0.153,-0.005
-0.945,-0.326,-0.031
-0.946,-0.322,-0.032
-0.944,-0.329,-0.030
-0.943,-0.333,-0.029
-0.941,-0.337,-0.028
-0.944,-0.329,-0.030
0.981,-0.193,0.023
0.981,-0.193,0.023
0.980,-0.199,0.024
-0.911,-0.368,-0.188
-0.902,-0.426,0.070
-0.903,-0.423,0.069
-0.899,-0.432,0.071
-0.899,-0.433,0.071
-0.898,-0.434,0.072
-0.896,-0.438,0.072
-0.899,-0.432,0.071
0.961,-0.263,0.085
0.960,-0.265,0.085
0.961,-0.262,0.085
0.959,-0.270,0.086
-0.912,-0.135,-0.388
-0.962,-0.256,-0.096
-0.963,-0.251,-0.097
-0.960,-0.263,-0.094
-0.960,-0.262,-0.094
0.990,-0.137,-0.018
0.989,-0.147,-0.016
0.988,-0.153,-0.015
-0.922,-0.221,-0.317
0.987,-0.162,-0.003
0.987,-0.162,-0.003
0.989,-0.150,-0.006
-0.955,-0.288,-0.072
-0.958,-0.278,-0.074
-0.957,-0.280,-0.074
-0.954,-0.290,-0.071
-0.955,-0.289,-0.072
0.988,-0.153,-0.005
0.987,-0.163,-0.003
0.986,-0.169,-0.002
-0.921,-0.286,-0.265
-0.930,-0.368,0.011
-0.931,-0.364,0.010
-0.929,-0.369,0.011
-0.930,-0.368,0.011
-0.926,-0.379,0.013
-0.926,-0.378,0.013
0.977,-0.210,0.046
0.974,-0.220,0.048
0.973,-0.226,0.049
0.974,-0.223,0.048
0.761,-0.168,-0.627
-0.958,-0.275,-0.075
-0.958,-0.278,-0.074
-0.954,-0.291,-0.071
-0.955,-0.286,-0.072
0.989,-0.151,-0.005
0.987,-0.161,-0.004
0.986,-0.169,-0.002
-0.921,-0.227,-0.316
-0.945,-0.326,-0.031
-0.947,-0.320,-0.032
-0.945,-0.326,-0.031
-0.942,-0.336,-0.028
-0.942,-0.335,-0.029
0.983,-0.182,0.021
0.981,-0.192,0.022
0.980,-0.196,0.023
0.981,-0.194,0.023
-0.946,-0.322,-0.032
-0.948,-0.318,-0.033
-0.946,-0.324,-0.031
-0.943,-0.332,-0.029
-0.942,-0.335,-0.029
-0.944,-0.329,-0.030
0.981,-0.190,0.022
0.981,-0.190,0.022
0.980,-0.197,0.024
-0.916,-0.167,-0.364
-0.957,-0.282,-0.073
-0.957,-0.282,-0.073
-0.955,-0.287,-0.072
-0.955,-0.289,-0.072
-0.956,-0.283,-0.073
0.986,-0.165,-0.003
0.986,-0.167,-0.002
0.986,-0.164,-0.003
-0.906,0.172,0.386
-0.906,0.176,0.385
-0.907,0.165,0.388
-0.907,0.165,0.388
-0.907,0.162,0.389
-0.906,0.169,0.387
0.951,0.116,0.286
0.951,0.113,0.287
0.951,0.111,0.287
-0.932,-0.130,-0.337
-0.967,-0.251,-0.046
-0.968,-0.248,-0.047
-0.965,-0.259,-0.044
-0.964,-0.261,-0.044
-0.965,-0.260,-0.044
0.989,-0.145,0.014
0.989,-0.145,0.014
0.991,-0.133,0.012
-0.968,-0.247,-0.047
-0.969,-0.244,-0.048
-0.967,-0.251,-0.046
-0.968,-0.247,-0.047
-0.965,-0.260,-0.044
-0.964,-0.262,-0.042
0.990,-0.141,0.013
0.989,-0.146,0.014
-0.932,-0.130,-0.337
-0.967,-0.251,-0.046
-0.968,-0.248,-0.047
-0.966,-0.256,-0.045
-0.964,-0.262,-0.044
-0.966,-0.253,-0.046
0.989,-0.145,0.014
0.989,-0.147,0.014
0.989,-0.145,0.014
-0.911,-0.401,0.097
-0.913,-0.397,0.096
-0.913,-0.396,0.096
-0.911,-0.400,0.097
-0.912,-0.400,0.097
-0.906,-0.412,0.100
-0.906,-0.410,0.099
0.967,-0.234,0.100
0.965,-0.243,0.102
0.963,-0.249,0.103
0.963,-0.249,0.103
0.964,-0.247,0.102
-0.910,-0.402,0.097
-0.912,-0.399,0.097
-0.913,-0.397,0.096
-0.910,-0.402,0.097
-0.911,-0.401,0.097
-0.906,-0.411,0.099
-0.906,-0.410,0.099
0.967,-0.235,0.101
0.964,-0.244,0.102
0.963,-0.251,0.103
0.963,-0.250,0.103
0.964,-0.247,0.102
-0.972,-0.227,-0.068
-0.972,-0.223,-0.069
-0.972,-0.225,-0.068
-0.969,-0.236,-0.066
-0.971,-0.229,-0.067
0.992,-0.129,0.001
0.991,-0.132,0.001
0.992,-0.130,0.001
-0.956,-0.293,-0.004
-0.957,-0.289,-0.005
-0.955,-0.296,-0.004
-0.951,-0.308,-0.001
-0.951,-0.308,-0.001
-0.954,-0.300,-0.003
0.984,-0.172,0.039
0.984,-0.172,0.039
0.983,-0.180,0.041
-0.932,-0.131,-0.337
-0.967,-0.252,-0.046
-0.967,-0.252,-0.046
-0.965,-0.258,-0.045
-0.965,-0.259,-0.044
-0.966,-0.253,-0.046
0.989,-0.146,0.014
0.989,-0.148,0.015
0.989,-0.145,0.014
-0.906,0.172,0.386
-0.906,0.176,0.385
-0.907,0.165,0.388
-0.907,0.165,0.388
-0.907,0.162,0.389
-0.906,0.169,0.387
0.951,0.116,0.286
0.951,0.113,0.287
0.951,0.111,0.287
-0.916,-0.166,-0.365
-0.957,-0.281,-0.074
-0.958,-0.278,-0.074
-0.955,-0.286,-0.072
-0.954,-0.292,-0.071
-0.956,-0.283,-0.073
0.986,-0.164,-0.003
0.986,-0.166,-0.003
0.986,-0.164,-0.003
0.780,-0.270,-0.565
-0.946,-0.322,-0.032
-0.944,-0.328,-0.030
-0.943,-0.333,-0.029
-0.941,-0.337,-0.028
-0.944,-0.329,-0.030
0.981,-0.193,0.023
0.981,-0.193,0.023
0.980,-0.199,0.024
-0.910,-0.371,-0.187
-0.901,-0.428,0.070
-0.903,-0.424,0.069
-0.898,-0.435,0.072
-0.946,-0.322,-0.032
-0.949,-0.315,-0.034
-0.946,-0.321,-0.032
-0.942,-0.335,-0.028
-0.944,-0.329,-0.030
0.984,-0.179,0.020
0.982,-0.189,0.022
0.980,-0.199,0.024
0.981,-0.194,0.023
-0.946,-0.323,-0.032
-0.947,-0.319,-0.033
-0.945,-0.327,-0.031
-0.942,-0.333,-0.029
-0.941,-0.336,-0.028
-0.944,-0.329,-0.030
0.981,-0.191,0.022
0.981,-0.192,0.022
0.980,-0.198,0.024
-0.915,0.230,0.331
-0.881,0.054,0.471
-0.881,0.059,0.470
-0.880,0.044,0.473
-0.880,0.046,0.472
-0.880,0.045,0.472
-0.880,0.041,0.473
-0.880,0.049,0.472
0.938,0.041,0.345
0.938,0.037,0.345
0.938,0.043,0.344
0.938,0.035,0.346
-0.939,-0.190,-0.288
-0.955,-0.296,-0.004
-0.957,-0.291,-0.005
-0.955,-0.296,-0.004
-0.952,-0.308,-0.001
-0.952,-0.306,-0.001
0.986,-0.163,0.038
0.984,-0.173,0.039
0.983,-0.177,0.040
0.984,-0.175,0.040
-0.967,-0.249,-0.047
-0.968,-0.245,-0.048
-0.968,-0.248,-0.047
-0.964,-0.261,-0.044
-0.966,-0.256,-0.045
0.991,-0.132,0.012
0.990,-0.142,0.013
0.989,-0.150,0.015
-0.939,-0.189,-0.288
-0.951,-0.308,-0.001
-0.958,-0.287,-0.006
-0.955,-0.297,-0.003
-0.952,-0.307,-0.001
-0.952,-0.306,-0.001
0.986,-0.163,0.038
0.984,-0.171,0.039
0.983,-0.178,0.040
0.984,-0.175,0.040
-0.956,-0.293,-0.004
-0.957,-0.289,-0.005
-0.955,-0.295,-0.004
-0.953,-0.303,-0.002
-0.952,-0.306,-0.001
-0.954,-0.300,-0.003
0.984,-0.171,0.039
0.984,-0.172,0.039
0.983,-0.178,0.041
-0.939,-0.186,-0.289
-0.956,-0.293,-0.004
-0.958,-0.286,-0.006
-0.956,-0.293,-0.004
-0.952,-0.307,-0.001
-0.951,-0.308,-0.001
0.986,-0.160,0.037
0.985,-0.170,0.039
0.983,-0.178,0.040
0.984,-0.175,0.040
-0.881,0.053,0.471
-0.881,0.057,0.470
-0.881,0.059,0.469
-0.881,0.054,0.471
-0.881,0.054,0.471
-0.880,0.043,0.473
-0.880,0.044,0.473
0.938,0.053,0.342
0.938,0.043,0.344
0.938,0.037,0.345
0.938,0.038,0.345
0.938,0.040,0.345
-0.956,-0.282,-0.073
-0.958,-0.278,-0.074
-0.956,-0.284,-0.073
-0.957,-0.280,-0.074
-0.955,-0.288,-0.072
-0.954,-0.290,-0.069
0.987,-0.163,-0.003
0.986,-0.167,-0.002
-0.917,-0.162,-0.366
-0.958,-0.278,-0.074
-0.959,-0.271,-0.076
-0.956,-0.285,-0.072
-0.955,-0.288,-0.072
-0.955,-0.286,-0.072
0.987,-0.162,-0.003
0.987,-0.162,-0.003
0.989,-0.150,-0.006
-0.902,-0.427,0.070
-0.903,-0.423,0.069
-0.904,-0.422,0.069
-0.902,-0.427,0.070
-0.902,-0.426,0.070
-0.896,-0.438,0.073
-0.897,-0.437,0.072
0.964,-0.252,0.083
0.961,-0.262,0.085
0.960,-0.268,0.086
0.960,-0.267,0.086
0.960,-0.265,0.085
-0.962,-0.257,-0.095
-0.963,-0.253,-0.096
-0.962,-0.256,-0.096
-0.959,-0.267,-0.093
-0.961,-0.259,-0.095
0.989,-0.149,-0.016
0.988,-0.151,-0.016
0.989,-0.149,-0.016
-0.957,-0.279,-0.074
-0.958,-0.275,-0.075
-0.958,-0.278,-0.074
-0.954,-0.291,-0.071
-0.955,-0.286,-0.072
0.989,-0.151,-0.005
0.987,-0.161,-0.004
0.986,-0.169,-0.002
-0.921,-0.227,-0.316
-0.945,-0.326,-0.031
-0.947,-0.320,-0.032
-0.945,-0.326,-0.031
-0.942,-0.336,-0.028
-0.942,-0.335,-0.029
0.983,-0.182,0.021
0.981,-0.192,0.022
0.980,-0.196,0.023
0.981,-0.194,0.023
-0.946,-0.323,-0.032
-0.947,-0.319,-0.033
-0.945,-0.327,-0.031
-0.942,-0.333,-0.029
-0.941,-0.336,-0.028
-0.944,-0.329,-0.030
0.981,-0.191,0.022
0.981,-0.192,0.022
0.980,-0.198,0.024
-0.915,0.230,0.331
-0.881,0.054,0.471
-0.881,0.059,0.470
-0.880,0.046,0.472
-0.880,0.046,0.472
-0.880,0.045,0.472
-0.880,0.041,0.473
-0.880,0.049,0.472
0.938,0.041,0.345
0.938,0.038,0.345
0.938,0.043,0.344
0.938,0.035,0.346
-0.932,-0.130,-0.337
-0.967,-0.251,-0.046
-0.968,-0.248,-0.047
-0.965,-0.259,-0.044
-0.964,-0.261,-0.044
-0.965,-0.260,-0.044
0.989,-0.145,0.014
0.989,-0.145,0.014
0.991,-0.133,0.012
-0.898,-0.435,0.072
-0.897,-0.435,0.072
-0.896,-0.439,0.073
-0.899,-0.432,0.071
0.961,-0.264,0.085
0.960,-0.267,0.086
0.961,-0.263,0.085
0.959,-0.270,0.086
-0.922,-0.221,-0.317
-0.946,-0.322,-0.032
-0.949,-0.315,-0.034
-0.946,-0.321,-0.032
-0.942,-0.335,-0.028
-0.944,-0.329,-0.030
0.984,-0.179,0.020
0.982,-0.189,0.022
0.980,-0.199,0.024
0.981,-0.194,0.023
-0.946,-0.322,-0.032
-0.948,-0.318,-0.033
-0.946,-0.324,-0.031
-0.943,-0.332,-0.029
-0.942,-0.335,-0.029
-0.944,-0.329,-0.030
0.981,-0.190,0.022
0.981,-0.190,0.022
0.980,-0.197,0.024
-0.916,-0.167,-0.364
-0.957,-0.282,-0.073
-0.957,-0.282,-0.073
-0.955,-0.287,-0.072
-0.955,-0.289,-0.072
-0.956,-0.283,-0.073
0.986,-0.165,-0.003
0.986,-0.167,-0.002
0.986,-0.164,-0.003
-0.906,0.172,0.386
-0.906,0.176,0.385
-0.907,0.165,0.388
-0.907,0.165,0.388
-0.907,0.162,0.389
-0.906,0.169,0.387
0.951,0.116,0.286
0.951,0.113,0.287
0.951,0.111,0.287
-0.932,-0.130,-0.337
-0.967,-0.251,-0.046
-0.968,-0.248,-0.047
-0.966,-0.256,-0.045
-0.964,-0.262,-0.044
-0.966,-0.253,-0.046
0.989,-0.145,0.014
0.989,-0.147,0.014
0.989,-0.145,0.014
-0.967,-0.249,-0.047
-0.968,-0.245,-0.048
-0.968,-0.248,-0.047
-0.964,-0.261,-0.044
-0.966,-0.256,-0.045
0.991,-0.132,0.012
0.990,-0.142,0.013
0.989,-0.150,0.015
-0.938,-0.192,-0.288
-0.955,-0.297,-0.003
-0.957,-0.291,-0.005
-0.955,-0.297,-0.003
-0.952,-0.307,-0.001
-0.952,-0.306,-0.001
0.986,-0.163,0.038
0.984,-0.173,0.039
0.983,-0.178,0.040
0.984,-0.175,0.040
-0.956,-0.294,-0.004
-0.957,-0.290,-0.005
-0.955,-0.298,-0.003
-0.953,-0.304,-0.002
-0.952,-0.307,-0.001
-0.954,-0.300,-0.003
0.984,-0.172,0.039
0.984,-0.173,0.039
0.983,-0.179,0.041
-0.917,-0.162,-0.366
-0.958,-0.278,-0.074
-0.959,-0.271,-0.076
-0.956,-0.285,-0.072
-0.955,-0.288,-0.072
-0.955,-0.286,-0.072
0.987,-0.162,-0.003
0.987,-0.162,-0.003
0.989,-0.150,-0.006
-0.962,-0.257,-0.095
-0.963,-0.253,-0.096
-0.962,-0.256,-0.096
-0.959,-0.267,-0.093
-0.961,-0.259,-0.095
0.989,-0.149,-0.016
0.988,-0.151,-0.016
0.989,-0.149,-0.016
-0.946,-0.323,-0.032
-0.947,-0.319,-0.033
-0.945,-0.327,-0.031
-0.942,-0.333,-0.029
-0.941,-0.336,-0.028
-0.944,-0.329,-0.030
0.981,-0.191,0.022
0.981,-0.192,0.022
0.980,-0.198,0.024
-0.916,-0.167,-0.364
-0.957,-0.282,-0.073
-0.957,-0.282,-0.073
-0.955,-0.287,-0.072
-0.955,-0.289,-0.072
-0.956,-0.283,-0.073
0.986,-0.165,-0.003
0.986,-0.167,-0.002
0.986,-0.164,-0.003
-0.881,0.053,0.471
-0.881,0.057,0.470
-0.881,0.059,0.469
-0.881,0.054,0.471
-0.881,0.054,0.471
-0.880,0.043,0.473
-0.880,0.044,0.473
0.938,0.053,0.342
0.938,0.043,0.344
0.938,0.037,0.345
0.938,0.038,0.345
0.938,0.040,0.345
-0.901,-0.429,0.070
-0.902,-0.425,0.070
-0.903,-0.423,0.069
-0.901,-0.428,0.070
-0.901,-0.428,0.070
-0.896,-0.437,0.072
-0.897,-0.437,0.072
0.964,-0.253,0.084
0.961,-0.263,0.085
0.959,-0.269,0.086
0.960,-0.268,0.086
0.960,-0.265,0.085
-0.946,-0.322,-0.032
-0.948,-0.318,-0.033
-0.946,-0.324,-0.031
-0.943,-0.332,-0.029
-0.942,-0.335,-0.029
-0.944,-0.329,-0.030
0.981,-0.190,0.022
0.981,-0.190,0.022
0.980,-0.197,0.024
-0.916,-0.167,-0.364
-0.957,-0.282,-0.073
-0.957,-0.282,-0.073
-0.955,-0.287,-0.072
-0.955,-0.289,-0.072
-0.956,-0.283,-0.073
0.986,-0.165,-0.003
0.986,-0.167,-0.002
0.986,-0.164,-0.003
-0.881,0.053,0.471
-0.881,0.057,0.470
-0.881,0.059,0.469
-0.881,0.054,0.471
-0.881,0.054,0.471
-0.880,0.043,0.473
-0.880,0.044,0.473
0.938,0.053,0.342
0.938,0.043,0.344
0.938,0.037,0.345
0.938,0.038,0.345
0.938,0.040,0.345
-0.720,0.677,-0.149
-0.749,0.249,-0.614
-0.785,0.176,-0.593
0.985,0.034,-0.170
-0.798,0.159,-0.582
-0.968,-0.248,-0.047
-0.969,-0.241,-0.048
-0.966,-0.256,-0.045
-0.965,-0.259,-0.044
-0.966,-0.257,-0.045
0.990,-0.143,0.014
0.990,-0.143,0.014
0.991,-0.131,0.011
-0.910,-0.402,0.097
-0.912,-0.399,0.097
-0.913,-0.397,0.096
-0.910,-0.402,0.097
-0.911,-0.401,0.097
-0.906,-0.411,0.099
-0.906,-0.410,0.099
0.967,-0.235,0.101
0.964,-0.244,0.102
0.963,-0.251,0.103
0.963,-0.250,0.103
0.964,-0.247,0.102
-0.972,-0.227,-0.068
-0.972,-0.223,-0.069
-0.972,-0.225,-0.068
-0.969,-0.236,-0.066
-0.971,-0.229,-0.067
0.992,-0.129,0.001
0.991,-0.132,0.001
0.992,-0.130,0.001
0.814,-0.213,-0.540
-0.958,-0.288,-0.006
-0.956,-0.294,-0.004
-0.951,-0.308,-0.001
-0.951,-0.308,-0.001
-0.954,-0.300,-0.003
0.984,-0.171,0.039
0.984,-0.171,0.039
0.983,-0.180,0.041
-0.939,-0.185,-0.289
-0.956,-0.292,-0.005
-0.959,-0.285,-0.006
-0.956,-0.292,-0.005
-0.953,-0.303,-0.002
-0.954,-0.300,-0.003
0.986,-0.160,0.037
0.985,-0.170,0.039
0.983,-0.177,0.040
0.984,-0.175,0.040
-0.966,-0.253,-0.046
-0.968,-0.248,-0.047
-0.967,-0.251,-0.046
-0.965,-0.259,-0.044
-0.965,-0.260,-0.044
0.991,-0.134,0.012
0.989,-0.144,0.014
0.989,-0.148,0.015
-0.915,0.230,0.331
-0.881,0.054,0.471
-0.881,0.059,0.470
-0.880,0.046,0.472
-0.880,0.046,0.472
-0.880,0.045,0.472
-0.880,0.041,0.473
-0.880,0.049,0.472
0.938,0.041,0.345
0.938,0.038,0.345
0.938,0.043,0.344
0.938,0.035,0.346
-0.905,0.372,0.206
-0.906,0.172,0.386
-0.906,0.179,0.385
-0.906,0.173,0.386
-0.907,0.163,0.389
-0.907,0.164,0.389
0.951,0.127,0.284
0.951,0.118,0.286
0.951,0.113,0.287
0.951,0.116,0.286
-0.956,-0.282,-0.073
-0.958,-0.278,-0.074
-0.956,-0.284,-0.073
-0.957,-0.280,-0.074
-0.955,-0.288,-0.072
-0.954,-0.290,-0.069
0.987,-0.163,-0.003
0.986,-0.167,-0.002
-0.916,-0.166,-0.365
-0.957,-0.281,-0.074
-0.958,-0.278,-0.074
-0.955,-0.286,-0.072
-0.954,-0.292,-0.071
-0.956,-0.283,-0.073
0.986,-0.164,-0.003
0.986,-0.166,-0.003
0.986,-0.164,-0.003
-0.901,-0.429,0.070
-0.902,-0.425,0.070
-0.903,-0.423,0.069
-0.901,-0.428,0.070
-0.901,-0.428,0.070
-0.896,-0.437,0.072
-0.897,-0.437,0.072
0.964,-0.253,0.084
0.961,-0.263,0.085
0.959,-0.269,0.086
0.960,-0.268,0.086
0.960,-0.265,0.085
-0.957,-0.279,-0.074
-0.958,-0.275,-0.075
-0.958,-0.278,-0.074
-0.954,-0.291,-0.071
-0.955,-0.286,-0.072
0.989,-0.151,-0.005
0.987,-0.161,-0.004
0.986,-0.169,-0.002
-0.921,-0.227,-0.316
-0.945,-0.326,-0.031
-0.947,-0.320,-0.032
-0.945,-0.326,-0.031
-0.942,-0.336,-0.028
-0.942,-0.335,-0.029
0.983,-0.182,0.021
0.981,-0.192,0.022
0.980,-0.196,0.023
0.981,-0.194,0.023
-0.946,-0.322,-0.032
-0.947,-0.318,-0.033
-0.945,-0.325,-0.031
-0.941,-0.337,-0.028
-0.941,-0.337,-0.028
-0.944,-0.329,-0.030
0.981,-0.191,0.022
0.981,-0.191,0.022
0.980,-0.199,0.024
-0.923,-0.218,-0.318
-0.945,-0.325,-0.031
-0.950,-0.312,-0.034
-0.947,-0.321,-0.032
-0.943,-0.332,-0.029
-0.944,-0.329,-0.030
0.984,-0.179,0.020
0.982,-0.188,0.022
0.980,-0.196,0.023
0.981,-0.194,0.023
-0.906,0.172,0.386
-0.906,0.176,0.385
-0.907,0.165,0.388
-0.907,0.165,0.388
-0.907,0.162,0.389
-0.906,0.169,0.387
0.951,0.116,0.286
0.951,0.113,0.287
0.951,0.111,0.287
-0.921,-0.227,-0.316
-0.945,-0.326,-0.031
-0.947,-0.320,-0.032
-0.945,-0.326,-0.031
-0.942,-0.336,-0.028
-0.942,-0.335,-0.029
0.983,-0.182,0.021
0.981,-0.192,0.022
0.980,-0.196,0.023
0.981,-0.194,0.023
-0.946,-0.322,-0.032
-0.947,-0.318,-0.033
-0.945,-0.325,-0.031
-0.941,-0.337,-0.028
-0.941,-0.337,-0.028
-0.944,-0.329,-0.030
0.981,-0.191,0.022
0.981,-0.191,0.022
0.980,-0.199,0.024
-0.922,-0.221,-0.317
-0.946,-0.322,-0.032
-0.949,-0.315,-0.034
0.568,0.242,-0.787
0.987,0.022,-0.157
-0.756,0.224,-0.615
-0.795,0.173,-0.582
0.987,0.027,-0.158
0.987,0.030,-0.158
0.569,0.239,-0.787
0.988,0.021,-0.156
-0.736,0.629,-0.252
-0.725,0.652,-0.223
0.047,0.400,-0.915
0.044,0.583,-0.812
0.036,0.825,-0.565
0.021,0.983,-0.183
0.821,0.560,0.111
0.981,0.129,-0.146
0.599,0.476,-0.644
0.990,0.119,-0.073
-0.779,0.392,-0.489
-0.814,0.284,-0.507
0.990,0.089,-0.108
0.990,0.093,-0.109
0.582,0.404,-0.706
0.990,0.092,-0.110
-0.819,0.267,-0.507
0.991,0.078,-0.106
0.991,0.082,-0.107
0.581,0.406,-0.706
0.989,0.094,-0.110
-0.692,0.709,-0.139
-0.599,0.799,0.050
0.029,0.928,-0.372
-0.785,0.176,-0.593
0.985,0.034,-0.170
-0.798,0.159,-0.582
0.988,0.018,-0.156
0.987,0.022,-0.157
0.563,0.258,-0.785
0.987,0.030,-0.158
-0.795,0.172,-0.582
0.987,0.026,-0.158
0.987,0.030,-0.158
0.531,0.303,-0.791
-0.767,0.216,-0.604
0.981,0.063,-0.184
0.825,0.505,0.255
0.824,0.507,0.254
0.515,0.382,-0.767
-0.769,0.413,-0.488
-0.769,0.413,-0.488
-0.760,0.534,-0.371
-0.725,0.652,-0.222
0.311,0.942,0.124
0.312,0.940,0.138
-0.553,0.815,0.171
0.315,0.936,0.155
-0.562,0.805,0.190
0.321,0.931,0.175
0.325,0.929,0.179
0.521,0.334,-0.785
-0.749,0.249,-0.614
-0.785,0.176,-0.593
0.985,0.034,-0.170
-0.757,0.223,-0.615
-0.795,0.171,-0.582
0.987,0.026,-0.157
0.987,0.029,-0.158
0.494,0.756,-0.429
0.469,0.825,-0.317
-0.742,0.609,-0.281
-0.944,0.079,-0.319
0.952,0.110,-0.287
0.987,0.050,-0.152
0.987,0.054,-0.153
0.589,0.324,-0.740
0.991,0.055,-0.122
-0.825,0.298,-0.480
0.992,0.095,-0.088
0.991,0.098,-0.089
0.588,0.446,-0.675
0.990,0.110,-0.092
0.037,0.798,-0.602
0.028,0.928,-0.371
0.022,0.980,-0.198
0.021,0.980,-0.198
0.046,0.604,-0.796
-0.983,-0.011,0.183
-0.785,0.176,-0.593
0.985,0.034,-0.170
-0.798,0.156,-0.582
0.988,0.017,-0.156
0.987,0.020,-0.157
0.980,0.089,-0.180
0.583,0.401,-0.706
0.990,0.090,-0.109
-0.816,0.276,-0.507
0.991,0.084,-0.107
0.990,0.088,-0.108
0.547,0.436,-0.714
-0.821,0.262,-0.507
0.992,0.075,-0.105
0.991,0.079,-0.106
0.323,0.943,0.081
-0.758,0.276,-0.591
-0.750,0.248,-0.614
-0.647,0.762,-0.037
-0.698,0.709,0.099
-0.792,0.542,0.281
-0.827,0.266,0.496
0.893,0.387,0.229
0.310,0.941,0.136
-0.754,0.288,-0.591
-0.794,0.211,-0.570
0.987,0.054,-0.153
-0.808,0.188,-0.558
0.990,0.034,-0.139
0.989,0.038,-0.140
0.981,0.109,-0.163
0.547,0.436,-0.714
-0.819,0.269,-0.507
0.991,0.080,-0.106
0.991,0.083,-0.107
0.304,0.946,0.116
-0.766,0.478,-0.430
-0.766,0.478,-0.430
-0.725,0.652,-0.222
-0.722,0.655,-0.223
-0.771,0.375,-0.515
-0.769,0.377,-0.515
-0.832,0.553,0.040
-0.809,0.563,-0.168
-0.919,0.387,0.069
0.933,0.360,0.020
-0.756,0.225,-0.615
-0.540,0.830,0.139
-0.785,0.176,-0.593
0.985,0.034,-0.170
-0.807,0.193,-0.558
0.990,0.037,-0.139
0.989,0.041,-0.140
0.579,0.281,-0.765
0.989,0.038,-0.140
-0.816,0.277,-0.507
0.990,0.085,-0.108
0.990,0.089,-0.109
0.593,0.378,-0.711
0.991,0.078,-0.106
-0.816,0.278,-0.507
0.990,0.086,-0.109
0.990,0.090,-0.109
0.538,0.677,-0.502
-0.702,0.693,-0.166
-0.703,0.691,-0.166
0.043,0.658,-0.752
0.045,0.576,-0.817
-0.756,0.225,-0.615
-0.785,0.176,-0.593
0.985,0.034,-0.170
-0.798,0.158,-0.582
0.988,0.018,-0.156
0.987,0.022,-0.157
0.570,0.235,-0.788
0.988,0.019,-0.156
-0.756,0.224,-0.615
-0.804,0.204,-0.558
0.989,0.045,-0.141
0.989,0.048,-0.142
0.538,0.677,-0.502
-0.817,0.475,-0.328
0.980,0.199,-0.005
0.979,0.202,-0.006
0.472,0.874,-0.120
0.923,0.361,0.136
-0.544,0.827,0.142
-0.946,-0.322,-0.032
-0.942,-0.335,-0.028
-0.941,-0.337,-0.028
0.984,-0.179,0.020
0.982,-0.189,0.022
0.980,-0.196,0.023
0.981,-0.194,0.023
-0.906,0.172,0.386
-0.906,0.176,0.385
-0.907,0.165,0.388
-0.907,0.165,0.388
-0.907,0.162,0.389
-0.906,0.169,0.387
0.951,0.116,0.286
0.951,0.113,0.287
0.951,0.111,0.287
0.048,0.386,-0.921
-0.959,-0.192,0.209
0.978,0.071,-0.196
0.570,0.235,-0.788
0.988,0.019,-0.156
-0.765,0.223,-0.604
0.980,0.068,-0.185
0.563,0.258,-0.785
0.987,0.030,-0.158
-0.767,0.216,-0.604
0.981,0.063,-0.184
0.531,0.303,-0.791
-0.794,0.175,-0.582
0.987,0.029,-0.159
0.987,0.032,-0.160
0.517,0.745,-0.420
-0.739,0.625,-0.252
0.039,0.766,-0.642
-0.764,0.352,-0.542
-0.807,0.281,-0.520
0.988,0.093,-0.120
-0.820,0.264,-0.507
0.991,0.077,-0.106
0.991,0.080,-0.107
0.582,0.404,-0.706
0.990,0.092,-0.109
-0.785,0.319,-0.532
0.983,0.122,-0.135
0.379,0.923,-0.060
0.361,0.933,-0.008
-0.781,0.329,-0.531
0.011,0.999,0.049
0.712,0.657,0.247
-0.715,0.682,-0.150
0.025,0.954,-0.298
0.011,0.999,0.030
-0.756,0.224,-0.615
-0.749,0.249,-0.614
-0.799,0.153,-0.581
0.988,0.015,-0.155
0.988,0.018,-0.156
0.978,0.070,-0.196
0.569,0.239,-0.787
0.988,0.021,-0.156
-0.794,0.174,-0.582
0.987,0.028,-0.159
0.987,0.032,-0.160
0.325,0.941,0.096
-0.562,0.821,0.105
-0.760,0.268,-0.592
-0.757,0.277,-0.591
0.027,0.942,-0.334
0.032,0.893,-0.448
0.029,0.933,-0.359
0.876,0.483,0.017
-0.703,0.692,-0.166
0.310,0.943,0.122
0.311,0.941,0.136
-0.756,0.225,-0.615
-0.798,0.158,-0.582
0.988,0.018,-0.156
0.987,0.022,-0.157
0.570,0.234,-0.788
0.988,0.018,-0.156
-0.795,0.172,-0.582
0.987,0.027,-0.158
0.987,0.030,-0.159
0.564,0.255,-0.786
0.987,0.029,-0.158
-0.767,0.216,-0.604
0.981,0.063,-0.184
0.569,0.237,-0.787
0.988,0.020,-0.156
-0.795,0.173,-0.582
0.987,0.027,-0.159
0.987,0.031,-0.160
0.504,0.702,-0.504
0.496,0.755,-0.430
-0.585,0.808,0.069
0.980,0.090,-0.179
0.046,0.453,-0.890
0.577,0.287,-0.764
0.989,0.041,-0.140
-0.770,0.291,-0.568
-0.820,0.312,-0.480
0.990,0.104,-0.091
0.990,0.108,-0.091
0.588,0.445,-0.675
0.990,0.108,-0.091
-0.820,0.312,-0.480
0.990,0.105,-0.091
0.990,0.108,-0.092
0.550,0.480,-0.684
-0.710,0.685,-0.165
0.041,0.696,-0.716
-0.756,0.226,-0.615
-0.749,0.249,-0.614
-0.798,0.158,-0.582
0.988,0.018,-0.156
0.987,0.021,-0.157
0.057,0.387,-0.920
-0.799,0.302,-0.520
0.987,0.107,-0.123
-0.785,0.318,-0.532
0.983,0.121,-0.134
0.584,0.399,-0.707
0.990,0.090,-0.109
-0.718,0.680,-0.150
-0.885,0.129,0.447
0.362,0.932,-0.007
-0.693,0.708,-0.138
-0.679,0.725,-0.113
-0.648,0.760,-0.036
-0.692,0.709,-0.139
0.312,0.942,0.124
0.312,0.940,0.137
-0.545,0.826,0.143
-0.552,0.816,0.170
0.315,0.937,0.154
-0.561,0.806,0.189
0.320,0.931,0.174
0.324,0.929,0.179
0.980,0.090,-0.179
0.577,0.289,-0.764
0.989,0.042,-0.140
-0.814,0.283,-0.507
0.990,0.089,-0.108
0.990,0.092,-0.109
0.583,0.402,-0.706
0.990,0.091,-0.109
-0.815,0.279,-0.507
0.990,0.087,-0.109
0.990,0.090,-0.110
0.372,0.928,-0.032
0.364,0.931,-0.006
-0.767,0.383,-0.515
0.445,0.861,-0.245
-0.703,0.709,0.055
-0.801,0.548,0.243
0.844,0.508,0.173
-0.770,0.291,-0.568
-0.816,0.276,-0.507
0.991,0.084,-0.107
0.990,0.088,-0.108
0.573,0.301,-0.763
0.989,0.048,-0.141
-0.714,0.680,-0.164
-0.704,0.690,-0.166
0.044,0.544,-0.838
-0.811,0.241,-0.534
0.990,0.065,-0.124
0.990,0.068,-0.125
0.513,0.693,-0.508
0.579,0.685,-0.442
0.977,0.215,0.012
